"Id";"ExpertGroup";"EvaluatedScientificNameId";"EvaluatedScientificName";"EvaluatedScientificNameAuthor";"reproductionGenerationTime"
519;"Karplanter";103793;"Abies alba";"Mill.";50
1866;"Karplanter";145490;"Abies amabilis";"Douglas ex J.Forbes";50
590;"Karplanter";103794;"Abies balsamea";"(L.) Mill.";50
1865;"Karplanter";145491;"Abies cephalonica";"Loudon";50
641;"Karplanter";103795;"Abies concolor";"(Gordon & Glend.) Lindl. ex Hildebr.";50
680;"Karplanter";103796;"Abies grandis";"(Douglas ex D.Don) Lindl.";50
1288;"Karplanter";128698;"Abies koreana";"E.H. Wilson";30
669;"Karplanter";103797;"Abies lasiocarpa";"(Hook.) Nutt.";50
1864;"Karplanter";145494;"Abies magnifica";"A.Murray bis";50
710;"Karplanter";127895;"Abies mariesii";"Mast.";50
699;"Karplanter";103798;"Abies nordmanniana";"(Steven) Spach";50
765;"Karplanter";103799;"Abies procera";"Rehder";50
1837;"Karplanter";145495;"Abies sachalinensis";"(F.Schmidt) Mart.";50
728;"Karplanter";103800;"Abies sibirica";"Ledeb.";50
1938;"Karplanter";145496;"Abies veitchii";"Lindl.";50
5283;"Karplanter";217333;"Acaena microphylla";"Hook f.";15
5284;"Karplanter";217334;"Acaena novae-zelandiae";"Kirk";15
5285;"Karplanter";217335;"Acaena ovalifolia";"Ruiz & Pav.";15
750;"Karplanter";103556;"Acer campestre";"L.";30
816;"Karplanter";103557;"Acer ginnala";"Maxim.";30
780;"Karplanter";103558;"Acer negundo";"L.";30
601;"Karplanter";103560;"Acer pseudoplatanus";"L.";30
2273;"Karplanter";170387;"Acer pseudosieboldianum";"(Pax) Kom.";30
5292;"Karplanter";172665;"Acer rubrum";"L.";30
5293;"Karplanter";217341;"Acer rufinerve";"Siebold & Zucc.";30
1568;"Karplanter";128836;"Acer saccharum";"Marshall";30
769;"Karplanter";103561;"Acer tataricum";"L.";30
2272;"Karplanter";170388;"Acer tegmentosum";"Maxim.";30
5296;"Karplanter";217344;"Achillea crithmifolia";"Waldst. & Kit.";5
892;"Karplanter";100395;"Achillea nobilis";"L.";5
882;"Karplanter";100396;"Achillea ptarmica";"L.";5
872;"Karplanter";100397;"Achillea tomentosa";"L.";5
903;"Karplanter";153940;"Aconitum ×cammarum";"L.";15
896;"Karplanter";143436;"Aconitum lasiostomum";"Rchb. ex Besser";15
935;"Karplanter";103076;"Aconitum napellus";"L.";15
927;"Karplanter";102897;"Aconogonon ×fennicum";"Reiersen";15
945;"Karplanter";102895;"Aconogonon alpinum";"(All.) Schur";15
968;"Karplanter";102896;"Aconogonon divaricatum";"(L.) Nakai";15
990;"Karplanter";102898;"Aconogonon weyrichii";"(F.Schmidt) H.Hara";15
979;"Karplanter";99300;"Acorus calamus";"L.";25
995;"Karplanter";103080;"Actaea rubra";"(Aiton) Willd.";15
1011;"Karplanter";127904;"Actinidia arguta";"(Siebold & Zucc.) Planch. ex Miq.";30
1030;"Karplanter";127907;"Actinidia kolomikta";"(Rupr. & Maxim.) Maxim.";30
1052;"Karplanter";100252;"Aegopodium podagraria";"L.";15
1084;"Karplanter";103564;"Aesculus hippocastanum";"L.";50
1882;"Karplanter";167197;"Aethusa cynapium domestica";"Wallr.";2
1075;"Karplanter";102269;"Agastache rugosa";"(Fisch. & C.A.Mey.) Kuntze";10
1116;"Karplanter";102270;"Agastache urticifolia";"(Benth.) Kuntze";10
1104;"Karplanter";99864;"Agropyron cristatum";"(L.) Gaertn.";15
2439;"Karplanter";101443;"Agrostemma githago";"L.";1
1148;"Karplanter";99870;"Agrostis scabra";"Willd.";3
1163;"Karplanter";103567;"Ailanthus altissima";"(Mill.) Swingle";30
1153;"Karplanter";102272;"Ajuga genevensis";"L.";15
5310;"Karplanter";217355;"Akebia quinata";"(Thunb. ex Houtt.) Decne.";15
1181;"Karplanter";102718;"Alcea rosea";"L.";2
1223;"Karplanter";103231;"Alchemilla heptagona";"Juz.";15
1174;"Karplanter";103233;"Alchemilla mollis";"(Buser) Rothm.";15
1910;"Karplanter";103241;"Alchemilla sarmatica";"Juz.";15
2409;"Karplanter";103243;"Alchemilla semilunaris";"Alechin";15
1907;"Karplanter";145502;"Alchemilla speciosa";"Buser";15
1300;"Karplanter";99408;"Allium ×hollandicum";NA;5
1229;"Karplanter";99404;"Allium angulosum";"L.";5
1905;"Karplanter";128701;"Allium caeruleum";"Pall.";5
1270;"Karplanter";99405;"Allium carinatum";"L.";5
5319;"Karplanter";154206;"Allium paradoxum";"(M.Bieb.) G.Don";5
1315;"Karplanter";143442;"Allium rotundum";"L.";5
1324;"Karplanter";99413;"Allium schoenoprasum schoenoprasum";NA;10
1529;"Karplanter";99414;"Allium scorodoprasum";"L.";10
2352;"Karplanter";170190;"Allium siculum";"Ucria";5
1304;"Karplanter";99420;"Allium victorialis";"L.";15
1285;"Karplanter";143443;"Alnus alnobetula";"(Ehrh.) K.Koch";30
5323;"Karplanter";217364;"Alnus cordata";"(Loisel.) Duby";30
5324;"Karplanter";165264;"Alnus incana rugosa";"(Du Roi) R.T.Clausen";30
5325;"Karplanter";217365;"Alnus rubra";"Bong.";30
5326;"Karplanter";154233;"Alnus sinuata";"(Regel) Rydb.";30
418;"Karplanter";99886;"Alopecurus pratensis pratensis";NA;25
1328;"Karplanter";101073;"Alyssum alyssoides";"(L.) L.";1
1413;"Karplanter";101349;"Amaranthus hybridus";"L.";1
1874;"Karplanter";143616;"Amaranthus hypochondriacus powellii";NA;1
1501;"Karplanter";101356;"Amaranthus retroflexus";"L.";1
2493;"Karplanter";100399;"Ambrosia artemisiifolia";"L.";1
2492;"Karplanter";100401;"Ambrosia psilostachya";"DC.";5
2487;"Karplanter";103250;"Amelanchier alnifolia";"(Nutt.) Nutt. ex M.Roem.";20
5337;"Karplanter";154293;"Amelanchier confusa";"Hyl.";20
5338;"Karplanter";145504;"Amelanchier laevis";"Wiegand";20
2485;"Karplanter";103252;"Amelanchier lamarckii";"F.G.Schroed.";20
2483;"Karplanter";103254;"Amelanchier spicata";"(Lam.) K.Koch";20
5340;"Karplanter";217378;"Amorpha fruticosa";"L.";15
1863;"Karplanter";127911;"Amsinckia menziesii";"(Lehm.) A.Nelson & J.F.Macbr.";1
2524;"Karplanter";100406;"Anaphalis margaritacea";"(L.) Benth. & Hook. f.";15
1284;"Karplanter";100983;"Anchusa azurea";"Mill.";5
2521;"Karplanter";101868;"Androsace elongata";"L.";1
2520;"Karplanter";103085;"Anemone apennina";"L.";10
2518;"Karplanter";103086;"Anemone blanda";"Schott & Kotschy";10
1785;"Karplanter";129584;"Anemone scabiosa";"H.Lév. & Vaniot";15
2516;"Karplanter";103089;"Anemone sylvestris";"L.";15
2515;"Karplanter";103091;"Anemonidium canadense";NA;15
5349;"Karplanter";217383;"Anredera cordifolia";"(Ten.) Steenis";20
2509;"Karplanter";100417;"Anthemis cotula";"L.";1
2507;"Karplanter";100418;"Anthemis ruthenica";"M.Bieb.";1
2505;"Karplanter";100270;"Anthriscus caucalis";"M.Bieb.";1
2504;"Karplanter";100271;"Anthriscus cerefolium";"(L.) Hoffm.";1
2502;"Karplanter";101892;"Anthyllis vulneraria carpatica";"(Pant.) Nyman";3
2501;"Karplanter";102486;"Antirrhinum majus";"L.";5
2511;"Karplanter";99899;"Apera spica-venti";"(L.) P.Beauv.";1
2525;"Karplanter";103256;"Aphanes arvensis";"L.";1
5351;"Karplanter";217385;"Aponogeton distachyos";"L. f.";10
2547;"Karplanter";103093;"Aquilegia vulgaris";"L.";10
2546;"Karplanter";101077;"Arabidopsis arenosa";"(L.) Lawalrée";1
2545;"Karplanter";101078;"Arabidopsis halleri";"(L.) O'Kane & Al-Shehbaz";5
2544;"Karplanter";101080;"Arabidopsis suecica";"(Fr.) Norrl. ex O.E.Schulz";1
2542;"Karplanter";101087;"Arabis caucasica";"Willd.";7
1557;"Karplanter";128837;"Aralia elata";"(Miq.) Seem.";15
2539;"Karplanter";100376;"Aralia racemosa";"L.";15
2417;"Karplanter";170593;"Araucaria araucana";"(Molina) K.Koch";50
2549;"Karplanter";100420;"Arctium lappa";"L.";2
2538;"Karplanter";100423;"Arctium tomentosum";"Mill.";2
2536;"Karplanter";103259;"Aremonia agrimonioides";NA;15
6163;"Karplanter";220001;"Aria graeca";"(Spach) M.Roem.";35
2531;"Karplanter";102888;"Aristolochia clematitis";"L.";20
2530;"Karplanter";102889;"Aristolochia macrophylla";"Lam.";20
2528;"Karplanter";101094;"Armoracia rusticana";"P.Gaertn., B.Mey. & Scherb.";15
5362;"Karplanter";154655;"Arnica chamissonis";"Less.";20
1283;"Karplanter";128703;"Arnica mollis";"Hook.";20
1522;"Karplanter";103261;"Aronia ×prunifolia";"(Marshall) Rehder";20
1523;"Karplanter";127913;"Aronia arbutifolia";"(L.) Pers.";20
1520;"Karplanter";127914;"Aronia melanocarpa";"(Michx.) Elliott";20
2527;"Karplanter";99908;"Arrhenatherum elatius bulbosum";"(Willd.) Schübler & G.Martens";10
2500;"Karplanter";100432;"Artemisia abrotanum";"L.";15
2571;"Karplanter";100441;"Artemisia pontica";"L.";15
1579;"Karplanter";128838;"Artemisia sieversiana";"Ehrh.";15
2570;"Karplanter";100442;"Artemisia stelleriana";NA;15
2569;"Karplanter";100443;"Artemisia vulgaris";"L.";15
5369;"Karplanter";217402;"Arum italicum";"Mill.";15
2564;"Karplanter";99313;"Arum maculatum";"L.";15
2574;"Karplanter";103263;"Aruncus dioicus";"(Walter) Fernald";10
5370;"Karplanter";217403;"Arundo donax";"L.";30
2561;"Karplanter";102891;"Asarum canadense";"L.";25
5371;"Karplanter";217404;"Asclepias syriaca";"L.";15
2560;"Karplanter";99432;"Asparagus officinalis";"L.";15
2556;"Karplanter";100445;"Aster alpinus";"L.";7
2555;"Karplanter";100446;"Aster amellus";"L.";7
2554;"Karplanter";103626;"Astilbe ×arendsii";"Arends";10
2553;"Karplanter";103627;"Astilbe japonica";"(C.Morren & Decne.) A.Gray";10
1904;"Karplanter";145510;"Astragalus cicer";"L.";5
2598;"Karplanter";100277;"Astrantia major";"L.";15
389;"Karplanter";101361;"Atriplex hortensis";"L.";1
2597;"Karplanter";103712;"Atropa belladonna";NA;15
2595;"Karplanter";101098;"Aurinia saxatilis";"(L.) Desv.";15
115;"Karplanter";99913;"Avena fatua";"L.";1
2881;"Karplanter";103946;"Azolla filiculoides";"Lam.";1
5389;"Karplanter";170126;"Baccharis halimifolia";"L.";20
2592;"Karplanter";102278;"Ballota nigra nigra";NA;5
2591;"Karplanter";100448;"Balsamita major";"Desf.";20
2590;"Karplanter";101100;"Barbarea intermedia";"Boreau";3
2587;"Karplanter";101103;"Barbarea vulgaris";"W.T.Aiton";3
5391;"Karplanter";217420;"Bassia hyssopifolia";"(Pall.) Kuntze";1
2652;"Karplanter";101379;"Bassia scoparia";"(L.) A.J.Scott";1
2624;"Karplanter";99924;"Beckmannia syzigachne";"(Steud.) Fernald";1
2121;"Karplanter";169993;"Berberis ×ottawensis";"C.K.Schneid. ex Rehder";20
2623;"Karplanter";102994;"Berberis aggregata";"C.K.Schneid.";20
5395;"Karplanter";155212;"Berberis candidula";"(C.K.Schneid.) C.K.Schneid.";20
1902;"Karplanter";155213;"Berberis darwinii";"Hook.";20
5396;"Karplanter";169994;"Berberis gagnepainii";"C.K.Schneid.";20
1901;"Karplanter";145514;"Berberis julianae";"C.K.Schneid.";20
5397;"Karplanter";217422;"Berberis koreana";"Palib.";20
2622;"Karplanter";102995;"Berberis thunbergii";"DC.";20
2612;"Karplanter";103629;"Bergenia cordifolia";"(Haw.) Sternb.";20
2611;"Karplanter";103630;"Bergenia crassifolia";"(L.) Fritsch";20
2610;"Karplanter";101107;"Berteroa incana";"(L.) DC.";5
2603;"Karplanter";129586;"Betonica macrantha";"K.Koch";10
2627;"Karplanter";129587;"Betonica officinalis";"L.";10
5407;"Karplanter";217429;"Bidens connata";"Muhl. ex Willd.";1
2649;"Karplanter";100455;"Bidens frondosa";"L.";1
2647;"Karplanter";100457;"Bidens radiata";"Thuill.";1
2643;"Karplanter";102900;"Bistorta affinis";"(D.Don) Greene";5
2641;"Karplanter";102901;"Bistorta officinalis";"Delarbre";15
2651;"Karplanter";100988;"Borago officinalis";"L.";1
2120;"Karplanter";101110;"Brassica elongata";"Ehrh.";3
2638;"Karplanter";101111;"Brassica elongata elongata";NA;3
2637;"Karplanter";101112;"Brassica elongata integrifolia";"(Boiss.) Breistr.";3
2629;"Karplanter";101114;"Brassica napus";NA;2
2634;"Karplanter";101117;"Brassica nigra";"(L.) K.Koch";1
2633;"Karplanter";101118;"Brassica oleracea";"L.";2
2632;"Karplanter";101121;"Brassica rapa oleifera";"(DC.) Metzg.";1
2631;"Karplanter";101122;"Brassica rapa rapa";NA;2
1519;"Karplanter";128707;"Brassica rapa rapifera";"Metzg.";2
2677;"Karplanter";99934;"Bromopsis erecta";"(Huds.) Fourr.";10
2674;"Karplanter";99935;"Bromopsis inermis";"(Leyss.) Holub";10
2673;"Karplanter";99936;"Bromopsis pubescens";"(Spreng.) Holub";10
2667;"Karplanter";99939;"Bromus arvensis";NA;1
2661;"Karplanter";99948;"Bromus secalinus";"L.";1
2659;"Karplanter";100990;"Brunnera macrophylla";"(Adams) I.M.Johnst.";10
2658;"Karplanter";101682;"Bryonia alba";"L.";15
2657;"Karplanter";101684;"Bryonia cretica dioica";"(Jacq.) Tutin";15
2678;"Karplanter";127920;"Buddleja davidii";"Franch.";15
2679;"Karplanter";101130;"Bunias orientalis";"L.";2
2701;"Karplanter";100283;"Bunium bulbocastanum";"L.";5
2699;"Karplanter";101335;"Buxus sempervirens";"L.";20
5419;"Karplanter";169125;"Cabomba caroliniana";"A.Gray";10
2689;"Karplanter";127921;"Calendula arvensis";"(Vaill.) L.";1
2688;"Karplanter";100461;"Calendula officinalis";"L.";1
2245;"Karplanter";170390;"Calocedrus decurrens";"(Torr.) Florin";50
1320;"Karplanter";128709;"Calystegia pulchra";"Brummitt & Heywood";15
5421;"Karplanter";217442;"Calystegia sepium americana";"(Sims) Brummitt";15
2686;"Karplanter";103689;"Calystegia sepium spectabilis";"Brummitt";15
5422;"Karplanter";217443;"Calystegia silvatica";"(Kit.) Griseb.";15
2684;"Karplanter";101139;"Camelina microcarpa";NA;2
5426;"Karplanter";217446;"Campanula alliariifolia";"Willd.";10
2681;"Karplanter";100928;"Campanula carpatica";"Jacq.";10
2653;"Karplanter";100932;"Campanula glomerata glomerata";NA;10
2754;"Karplanter";121481;"Campanula glomerata 'Superba'";NA;10
2728;"Karplanter";100933;"Campanula lactiflora";"M.Bieb.";10
2726;"Karplanter";100936;"Campanula latifolia macrantha";"(Fisch. ex Hornem.)";10
2725;"Karplanter";100937;"Campanula medium";"L.";2
2724;"Karplanter";100938;"Campanula patula";"L.";2
5429;"Karplanter";217449;"Campanula portenschlagiana";"Schult.";10
5430;"Karplanter";217450;"Campanula poscharskyana";"Degen";10
2723;"Karplanter";100940;"Campanula punctata";"Lam.";10
2720;"Karplanter";100942;"Campanula rapunculoides";"L.";10
2716;"Karplanter";103006;"Capnoides sempervirens";"(L.) Borkh.";1
2713;"Karplanter";101907;"Caragana arborescens";"Lam.";20
2712;"Karplanter";101908;"Caragana frutex";"(L.) K.Koch";20
2710;"Karplanter";101150;"Cardamine parviflora";"L.";1
2709;"Karplanter";100465;"Carduus acanthoides";"L.";2
2705;"Karplanter";143580;"Carduus nutans leiophyllus";"(Petrovic) Stoj. & Stef.";2
2707;"Karplanter";143581;"Carduus nutans nutans";NA;2
2163;"Karplanter";169998;"Carex muskingumensis";"Schwein.";25
2729;"Karplanter";99708;"Carex pendula";"Huds.";25
2741;"Karplanter";99710;"Carex praecox";"Schreb.";25
2730;"Karplanter";99729;"Carex strigosa";"Huds.";25
2749;"Karplanter";102146;"Carpinus betulus";"L.";40
2743;"Karplanter";102148;"Castanea sativa";"Mill.";50
2738;"Karplanter";128899;"Celastrus orbiculatus";"Thunb.";30
5449;"Karplanter";172531;"Celastrus scandens";"L.";30
5460;"Karplanter";169136;"Centaurea macrocephala";"Muss.Puschk. ex Willd.";15
2776;"Karplanter";143460;"Centaurea nemoralis";"Jord.";15
5461;"Karplanter";217476;"Centaurea nigrescens";"Willd.";15
2772;"Karplanter";100501;"Centaurea stoebe";NA;2
1898;"Karplanter";145520;"Centranthus ruber";"(L.) DC.";5
2768;"Karplanter";101730;"Cephalaria gigantea";"(Ledeb.) Bobrov";15
2767;"Karplanter";101473;"Cerastium glomeratum";NA;1
2765;"Karplanter";101479;"Cerastium tomentosum";"L.";10
2762;"Karplanter";99970;"Ceratochloa cathartica";"(Vahl) Herter";1
1896;"Karplanter";146017;"Ceratochloa sitchensis";"(Trin.) Cope & Ryves";5
5463;"Karplanter";145521;"Ceratophyllum submersum";"L.";3
2760;"Karplanter";103570;"Cercidiphyllum japonicum";"Siebold & Zucc.";30
2757;"Karplanter";103265;"Chaenomeles japonica";"(Thunb.) Spach";15
1576;"Karplanter";128841;"Chaenomeles speciosa";"(Sweet) Nakai";15
2756;"Karplanter";102495;"Chaenorhinum minus";"(L.) Lange";1
2780;"Karplanter";100291;"Chaerophyllum aromaticum";"L.";10
2792;"Karplanter";100292;"Chaerophyllum aureum";"L.";10
2781;"Karplanter";100293;"Chaerophyllum bulbosum";"L.";2
2421;"Karplanter";162901;"Chaerophyllum hirsutum";"L.";10
2800;"Karplanter";100295;"Chaerophyllum temulum";"L.";2
2820;"Karplanter";103781;"Chamaecyparis lawsoniana";"(A.Murray bis) Parl.";50
1895;"Karplanter";145522;"Chamaecyparis pisifera";"(Siebold & Zucc.) Endl.";50
1319;"Karplanter";128713;"Chamaecytisus ×versicolor";"(Dippel) Karlsson";15
2816;"Karplanter";101912;"Chamaecytisus glaber";"(L. f.) Rothm.";15
2815;"Karplanter";101913;"Chamaecytisus hirsutus";"(L.) Link";15
2829;"Karplanter";101917;"Chamaespartium sagittale";"(L.) Gibbs";15
2241;"Karplanter";157457;"Chamerion latifolium";NA;20
2818;"Karplanter";102498;"Chelone glabra";"L.";15
1575;"Karplanter";128842;"Chelone obliqua";"L.";15
2810;"Karplanter";145678;"Chenopodiastrum hybridum";"(L.) S.Fuentes, Uotila & Borsch";1
297;"Karplanter";145679;"Chenopodiastrum murale";"(L.) S.Fuentes, Uotila & Borsch";1
100;"Karplanter";101397;"Chenopodium ficifolium";NA;1
281;"Karplanter";101398;"Chenopodium foliosum";NA;1
109;"Karplanter";101404;"Chenopodium missouriense";"Aellen";1
2844;"Karplanter";100505;"Cicerbita macrophylla";"(Willd.) Wallr.";20
2842;"Karplanter";100507;"Cicerbita plumieri";"(L.) Kirschl.";20
5479;"Karplanter";217492;"Cirsium canum";"(L.) All.";15
2838;"Karplanter";100514;"Cirsium dissectum";"(L.) Hill";15
2833;"Karplanter";101625;"Claytonia perfoliata";"Donn ex Willd.";1
2806;"Karplanter";101626;"Claytonia sibirica";"L.";3
2877;"Karplanter";103101;"Clematis alpina";"Mill.";20
2156;"Karplanter";170023;"Clematis integrifolia";"L.";20
2876;"Karplanter";103102;"Clematis recta";"L.";20
2875;"Karplanter";103104;"Clematis tangutica";"(Maxim.) Korsh.";20
5485;"Karplanter";217497;"Clematis terniflora";"DC.";20
2874;"Karplanter";103105;"Clematis vitalba";"L.";20
2873;"Karplanter";103106;"Clematis viticella";"L.";20
2870;"Karplanter";101167;"Coincya monensis cheiranthos";"(Vill.) C.Aedo Pérez, Leadlay & Muñoz Garm.";2
2867;"Karplanter";99572;"Colchicum autumnale";"L.";10
2864;"Karplanter";99564;"Commelina communis";"L.";5
2863;"Karplanter";100301;"Conium maculatum";"L.";2
2902;"Karplanter";100520;"Conyza bonariensis";"(L.) Cronquist";1
2901;"Karplanter";100521;"Conyza canadensis";"(L.) Cronquist";1
2899;"Karplanter";100522;"Conyza sumatrensis";"(Retz.) E.Walker";1
2898;"Karplanter";100524;"Coreopsis grandiflora";"Hogg ex Sweet";5
2906;"Karplanter";100305;"Coriandrum sativum";"L.";1
5502;"Karplanter";217511;"Cortaderia jubata";"(Lemoine) Stapf";10
5503;"Karplanter";217512;"Cortaderia selloana";"(Schult. & Schult. f.) Asch. & Graebn.";10
2888;"Karplanter";103010;"Corydalis angustifolia";"(M.Bieb.) DC.";5
2886;"Karplanter";103012;"Corydalis bracteata";"(Steph. ex Willd.) Pers.";5
2885;"Karplanter";103014;"Corydalis nobilis";"(L.) Pers.";5
2884;"Karplanter";103015;"Corydalis ophiocarpa";"Hook.f. & Thomson";2
2857;"Karplanter";103017;"Corydalis solida";"(L.) Clairv.";5
1574;"Karplanter";128843;"Corydalis wendelboi";"Lidén";5
2348;"Karplanter";162791;"Corylus maxima";"Mill.";20
2932;"Karplanter";100530;"Cota tinctoria";"(L.) J.Gay";3
5509;"Karplanter";217520;"Cotoneaster ×suecicus";"G.Klotz";20
2233;"Karplanter";162940;"Cotoneaster acutifolius";"Turcz.";20
1889;"Karplanter";127926;"Cotoneaster adpressus";"Bois";20
2929;"Karplanter";103269;"Cotoneaster ascendens";"Flinck & B.Hylmö";20
2166;"Karplanter";170026;"Cotoneaster atropurpureus";"Flinck & B.Hylmö";20
2927;"Karplanter";103270;"Cotoneaster bullatus";"Bois";20
2149;"Karplanter";170028;"Cotoneaster cashmiriensis";"G.Klotz";20
5510;"Karplanter";217517;"Cotoneaster cochleatus";"(Franch.) G.Klotz";20
2926;"Karplanter";103271;"Cotoneaster dammeri";"C.K.Schneid.";20
2925;"Karplanter";103272;"Cotoneaster dielsianus";"E.Pritz.";20
2924;"Karplanter";103273;"Cotoneaster divaricatus";"Rehder & E.H.Wilson";20
1325;"Karplanter";128845;"Cotoneaster foveolatus";NA;20
2146;"Karplanter";170029;"Cotoneaster hissaricus";"Pojark.";20
2923;"Karplanter";103274;"Cotoneaster hjelmqvistii";"Flinck & B.Hylmö";20
2922;"Karplanter";103275;"Cotoneaster horizontalis";"Decne.";20
1573;"Karplanter";128844;"Cotoneaster ignescens";NA;20
2921;"Karplanter";103277;"Cotoneaster laetevirens";"(Rehder & E.H.Wilson) G.Klotz";20
1314;"Karplanter";128846;"Cotoneaster latifolius";NA;20
2931;"Karplanter";103278;"Cotoneaster lucidus";"Schltdl.";20
2920;"Karplanter";103279;"Cotoneaster moupinensis";"Franch.";20
2918;"Karplanter";103280;"Cotoneaster multiflorus";"Bunge";20
2930;"Karplanter";103281;"Cotoneaster nanshan";"M.Vilm. ex Mottet";20
2913;"Karplanter";143466;"Cotoneaster nebrodensis";"(Guss.) K.Koch";20
5511;"Karplanter";217518;"Cotoneaster przewalskii";"Pojark.";20
5512;"Karplanter";217519;"Cotoneaster pyrenaicus";"Gand.";20
2916;"Karplanter";103283;"Cotoneaster rotundifolius";"Wall. ex Lindl.";20
2915;"Karplanter";103284;"Cotoneaster salicifolius";"Franch.";20
2914;"Karplanter";143467;"Cotoneaster symondsii";"hort. ex T.Moore";20
2912;"Karplanter";103287;"Cotoneaster villosulus";"(Rehder & E.H.Wilson) Flinck & B.Hylmö";20
2910;"Karplanter";100533;"Cotula coronopifolia";"L.";1
1913;"Karplanter";156240;"Crataegus ×macrocarpa";"Hegetschw.";20
1914;"Karplanter";141662;"Crataegus ×media";"Bechst.";20
1899;"Karplanter";103289;"Crataegus flabellata";NA;20
2945;"Karplanter";103291;"Crataegus laevigata";"(Poir.) DC.";20
2934;"Karplanter";103292;"Crataegus macracantha";"Lodd. ex Loudon";20
2956;"Karplanter";103298;"Crataegus sanguinea";"Pall.";20
2954;"Karplanter";100536;"Crepis biennis";"L.";2
2953;"Karplanter";100537;"Crepis capillaris";"(L.) Wallr.";1
2950;"Karplanter";100543;"Crepis setosa";"Haller f.";1
2948;"Karplanter";99465;"Crocosmia ×crocosmiiflora";"(Lemoine ex Burb. & Dean) N.E.Br.";15
1312;"Karplanter";128724;"Crocus ×stellaris";NA;5
1311;"Karplanter";128722;"Crocus chrysanthus";"(Herb.) Herb.";5
2957;"Karplanter";99467;"Crocus flavus";"Weston";5
1310;"Karplanter";128723;"Crocus speciosus";"M.Bieb.";5
2946;"Karplanter";99468;"Crocus tommasinianus";"Herb.";5
2944;"Karplanter";99469;"Crocus vernus";"(L.) Hill";5
2943;"Karplanter";102202;"Cruciata laevipes";"Opiz";5
1936;"Karplanter";145535;"Cryptomeria japonica";"(Thunb. ex L. f.) D.Don";50
2819;"Karplanter";170574;"Cupressus nootkatensis";"D.Don";50
2983;"Karplanter";103697;"Cuscuta epithymum";"(L.) L.";1
1935;"Karplanter";145686;"Cyanus cheiranthifolius";"(Willd.) Soják";10
2777;"Karplanter";145683;"Cyanus montanus";"(L.) Hill";10
2732;"Karplanter";145684;"Cyanus segetum";"Hill";1
2771;"Karplanter";145685;"Cyanus triumfettii";"(All.) Dostál ex Á.Löve & D.Löve";10
2980;"Karplanter";100311;"Cyclospermum leptophyllum";"(Pers.) Sprague";1
2978;"Karplanter";102500;"Cymbalaria muralis";"P.Gaertn., B.Mey. & Scherb.";10
2973;"Karplanter";120051;"Cyperus eragrostis";"Lam.";5
2982;"Karplanter";101924;"Cytisus ×praecox";"Beauverd";15
2969;"Karplanter";101925;"Cytisus scoparius";"(L.) Link";20
5545;"Karplanter";217551;"Cytisus striatus";"(Hill) Rothm.";15
2967;"Karplanter";99983;"Dactylis glomerata";NA;15
2964;"Karplanter";145687;"Dactylorhiza majalis baltica";"(Klinge) H.Sund.";15
5549;"Karplanter";156357;"Daphne laureola";"L.";20
2962;"Karplanter";103300;"Dasiphora fruticosa";"(L.) Rydb.";20
2960;"Karplanter";103717;"Datura stramonium";"L.";1
2970;"Karplanter";100314;"Daucus carota carota";NA;2
5554;"Karplanter";217560;"Delairea odorata";"Lem.";15
3007;"Karplanter";127932;"Delphinium ×cultorum";"Voss";15
3006;"Karplanter";103118;"Delphinium elatum";"L.";15
5555;"Karplanter";217562;"Dennstaedtia punctilobula";"(Michx.) T.Moore";15
1932;"Karplanter";145541;"Deutzia purpurascens";"(Franch. ex L.Henry) Rehder";20
3001;"Karplanter";101484;"Dianthus barbatus";"L.";10
2998;"Karplanter";101486;"Dianthus caryophyllus";"L.";10
2389;"Karplanter";170166;"Dianthus glacialis";"Haenke";10
2994;"Karplanter";101491;"Dianthus plumarius";"L.";10
2993;"Karplanter";103019;"Dicentra formosa";"(Haw.) Walp.";10
2991;"Karplanter";127934;"Diervilla florida";NA;15
1930;"Karplanter";156424;"Digitalis grandiflora";"Mill.";3
2990;"Karplanter";102502;"Digitalis lanata";"Ehrh.";3
2988;"Karplanter";102503;"Digitalis lutea";"L.";3
2986;"Karplanter";99996;"Digitaria sanguinalis";"(L.) Scop.";1
3060;"Karplanter";101181;"Diplotaxis muralis";"(L.) DC.";2
3034;"Karplanter";101182;"Diplotaxis tenuifolia";"(L.) DC.";5
3030;"Karplanter";101733;"Dipsacus fullonum";"L.";2
3029;"Karplanter";101734;"Dipsacus strigosus";"Willd. ex Roem. & Schult.";2
5570;"Karplanter";217574;"Dittrichia graveolens";"(L.) Greuter";1
5572;"Karplanter";156457;"Dodecatheon meadia";"L.";10
3027;"Karplanter";100549;"Doronicum ×excelsum";"(N.E.Br.) Stace";10
3026;"Karplanter";100548;"Doronicum columnae";"Ten.";10
3025;"Karplanter";100550;"Doronicum macrophyllum";"Fisch. ex Hornem.";15
3023;"Karplanter";100552;"Doronicum pardalianches";"L.";10
3033;"Karplanter";100553;"Doronicum plantagineum";"L.";10
3016;"Karplanter";101184;"Draba aizoides";"L.";15
3015;"Karplanter";101202;"Draba nemorosa";"L.";1
3012;"Karplanter";102284;"Dracocephalum parviflorum";"Nutt.";2
3021;"Karplanter";102287;"Dracocephalum thymiflorum";"L.";1
855;"Karplanter";129590;"Duchesnea indica";"(Jacks.) Focke";10
3058;"Karplanter";100002;"Echinochloa crus-galli";"(L.) P.Beauv.";1
3056;"Karplanter";101693;"Echinocystis lobata";"(Michx.) Torr. & A.Gray";15
3055;"Karplanter";100556;"Echinops bannaticus";"Rochel ex Schrad.";15
3054;"Karplanter";100557;"Echinops exaltatus";"Schrad.";15
3053;"Karplanter";100558;"Echinops sphaerocephalus";"L.";15
3052;"Karplanter";101001;"Echium plantagineum";"L.";1
3051;"Karplanter";101002;"Echium vulgare";"L.";2
5587;"Karplanter";169239;"Egeria densa";"Planch.";10
5590;"Karplanter";169240;"Eichhornia crassipes";"(Mart.) Solms";15
5591;"Karplanter";141626;"Elaeagnus angustifolia";"L.";25
3042;"Karplanter";103202;"Elaeagnus commutata";"Bernh. ex Rydb.";25
5594;"Karplanter";169242;"Elodea callitrichoides";"(Rich.) Casp.";10
489;"Karplanter";99333;"Elodea canadensis";"Michx.";10
1004;"Karplanter";99334;"Elodea nuttallii";"(Planch.) H.St.John";10
3083;"Karplanter";100020;"Elytrigia elongata";NA;15
3075;"Karplanter";102835;"Epilobium brunnescens";"(Cockayne) P.H.Raven & Engelhorn";1
3074;"Karplanter";102837;"Epilobium ciliatum ciliatum";NA;7
3084;"Karplanter";102838;"Epilobium ciliatum glandulosum";"(Lehm.) Hoch & P.H.Raven";7
3073;"Karplanter";102841;"Epilobium hirsutum";"L.";10
3071;"Karplanter";102843;"Epilobium komarovianum";"H.Lév.";1
1929;"Karplanter";102847;"Epilobium obscurum";"Schreb.";5
1928;"Karplanter";102849;"Epilobium parviflorum";"Schreb.";10
1937;"Karplanter";102850;"Epilobium roseum";"Schreb.";5
3070;"Karplanter";102851;"Epilobium tetragonum";"L.";5
25;"Karplanter";102998;"Epimedium alpinum";"L.";15
24;"Karplanter";103121;"Eranthis hyemalis";"(L.) Salisb.";10
5616;"Karplanter";217601;"Erica ciliaris";"L.";15
1924;"Karplanter";145543;"Erica herbacea";"L.";15
18;"Karplanter";100564;"Erigeron annuus";"(L.) Pers.";2
1567;"Karplanter";128847;"Erigeron speciosus";"(Lindl.) DC.";10
10;"Karplanter";101216;"Erucastrum gallicum";"(Willd.) O.E.Schulz";1
9;"Karplanter";100319;"Eryngium alpinum";"L.";10
7;"Karplanter";100321;"Eryngium giganteum";"M.Bieb.";15
6;"Karplanter";100323;"Eryngium planum";"L.";10
1919;"Karplanter";101218;"Erysimum altum";"(Ahti) Tzvelev";2
12;"Karplanter";127941;"Erythronium dens-canis";"L.";10
2231;"Karplanter";170020;"Erythronium grandiflorum";"Pursh";10
2161;"Karplanter";170050;"Erythronium sibiricum";"(Fosch. & C.A.Mey.) Krylov";10
38;"Karplanter";103044;"Eschscholzia californica";"Cham.";1
5628;"Karplanter";217608;"Euonymus alatus";"(Thunb.) Siebold";20
47;"Karplanter";101653;"Euonymus europaeus";"L.";20
1917;"Karplanter";143476;"Euonymus fortunei";"(Turcz.) Hand.-Mazz.";20
5629;"Karplanter";217609;"Euonymus japonicus";"Thunb.";20
45;"Karplanter";101654;"Euonymus latifolius";"(L.) Mill.";20
44;"Karplanter";101655;"Euonymus nanus";"M.Bieb.";20
1566;"Karplanter";128848;"Euonymus sachalinensis";NA;20
50;"Karplanter";102761;"Euphorbia amygdaloides";"L.";15
39;"Karplanter";102762;"Euphorbia chamaesyce";"L.";1
37;"Karplanter";102763;"Euphorbia cyparissias";"L.";10
36;"Karplanter";102764;"Euphorbia dulcis";"L.";10
35;"Karplanter";102765;"Euphorbia epithymoides";"L.";10
34;"Karplanter";102766;"Euphorbia esula";"L.";10
1915;"Karplanter";102767;"Euphorbia esula esula";NA;10
1989;"Karplanter";102768;"Euphorbia esula pseudovirgata";"Schur";10
1888;"Karplanter";102769;"Euphorbia esula tommasiniana";"(Bertol.) Kuzmanov";10
5635;"Karplanter";217615;"Euphorbia falcata";"L.";10
5636;"Karplanter";204861;"Euphorbia griffithii";"Hook. f.";10
32;"Karplanter";102772;"Euphorbia lathyris";"L.";2
31;"Karplanter";102775;"Euphorbia peplus";"L.";1
40;"Karplanter";170181;"Eutrochium purpureum";"(L.) E.E.Lamont";15
5647;"Karplanter";157053;"Falcaria vulgaris";"Bernh.";15
5648;"Karplanter";127945;"Fallopia aubertii";"(L.Henry) Holub";20
129;"Karplanter";102909;"Fallopia baldschuanica";NA;20
143;"Karplanter";145697;"Festuca amethystina";"L.";5
5651;"Karplanter";217626;"Festuca filiformis";"Pourr.";5
145;"Karplanter";100040;"Festuca gautieri";"(Hack.) K.Richt.";5
144;"Karplanter";100041;"Festuca heterophylla";"Lam.";15
142;"Karplanter";100049;"Festuca rubra commutata";"Gaudin";15
152;"Karplanter";100050;"Festuca rubra megastachya";"(Gaudin) Piper";15
1961;"Karplanter";100053;"Festuca trachyphylla";"(Hack.) R.P.Murray";15
133;"Karplanter";141629;"Filipendula camtschatica";"(Pall.) Maxim.";15
132;"Karplanter";103308;"Filipendula purpurea";"Maxim.";15
131;"Karplanter";103309;"Filipendula rubra";"(Hill) B.L.Rob.";15
178;"Karplanter";102407;"Forsythia ×intermedia";"Zabel";20
2543;"Karplanter";170621;"Fourraea alpina";"(L.) Greuter & Burdet";10
175;"Karplanter";103313;"Fragaria ×ananassa";"(Weston) Duchesne ex Rozier";15
174;"Karplanter";103314;"Fragaria chiloënsis";"(L.) Mill.";15
173;"Karplanter";103315;"Fragaria moschata";"Weston";15
5655;"Karplanter";217629;"Fragaria vesca semperflorens";"(Duchesne ex Rozier) Sm.";15
172;"Karplanter";103317;"Fragaria virginiana";"Mill.";15
5658;"Karplanter";217630;"Fraxinus pennsylvanica";"Marshall";50
2388;"Karplanter";157157;"Fritillaria camschatcensis";"(L.) Ker Gawl.";10
5659;"Karplanter";157159;"Fritillaria imperialis";"L.";15
170;"Karplanter";99575;"Fritillaria meleagris";"L.";10
5664;"Karplanter";217635;"Fuchsia magellanica";"Lam.";10
164;"Karplanter";99578;"Gagea minima";"(L.) Ker Gawl.";10
163;"Karplanter";99579;"Gagea pratensis";"(Pers.) Dumort.";10
161;"Karplanter";100581;"Gaillardia ×grandiflora";"hort. ex Van Houtte";5
192;"Karplanter";127946;"Galanthus elwesii";"Hook.f.";10
190;"Karplanter";99424;"Galanthus nivalis";"L.";10
2385;"Karplanter";170578;"Galanthus x valentinei";NA;10
1960;"Karplanter";145563;"Galatella sedifolia";"(L.) Greuter";15
188;"Karplanter";101927;"Galega ×hartlandii";"Clarke";10
187;"Karplanter";101928;"Galega officinalis";"L.";10
186;"Karplanter";101929;"Galega orientalis";"Lam.";10
220;"Karplanter";102294;"Galeopsis pubescens";"Besser";1
218;"Karplanter";100584;"Galinsoga parviflora";"Cav.";1
228;"Karplanter";100585;"Galinsoga quadriradiata";"Ruiz & Pav.";1
213;"Karplanter";102208;"Galium mollugo";"L.";10
212;"Karplanter";102214;"Galium pumilum";"Murray";10
207;"Karplanter";100587;"Gamochaeta purpurea";"(L.) Cabrera";1
5671;"Karplanter";217640;"Gaultheria mucronata";"(L. f.) Hook. & Arn.";20
242;"Karplanter";101932;"Genista tinctoria";"L.";20
253;"Karplanter";102247;"Geranium ×magnificum";"Hyl.";10
249;"Karplanter";102244;"Geranium endressii";"J.Gay";10
248;"Karplanter";102246;"Geranium macrorrhizum";"L.";15
247;"Karplanter";102249;"Geranium nodosum";"L.";10
246;"Karplanter";102250;"Geranium palustre";"L.";10
245;"Karplanter";102251;"Geranium phaeum";"L.";15
244;"Karplanter";102254;"Geranium pylzowianum";"Maxim.";15
254;"Karplanter";102255;"Geranium pyrenaicum";"Burm.f.";2
241;"Karplanter";102259;"Geranium sibiricum";"L.";10
239;"Karplanter";103320;"Geum aleppicum";"Jacq.";15
238;"Karplanter";103321;"Geum macrophyllum";"Willd.";15
5691;"Karplanter";165694;"Geum macrophyllum perincisum";"(Rydb.) Hultén";15
237;"Karplanter";103322;"Geum quellyon";"Sweet";10
1955;"Karplanter";143482;"Gladiolus imbricatus";"L.";15
277;"Karplanter";100059;"Glyceria grandis";"S.Watson";10
275;"Karplanter";100061;"Glyceria maxima";"(Hartm.) Holmb.";10
5702;"Karplanter";157382;"Glyceria striata";"(Lam.) Hitchc.";10
5706;"Karplanter";217664;"Grindelia squarrosa";"(Pursh) Dunal";15
5708;"Karplanter";217665;"Gunnera magellanica";"Lam.";20
5709;"Karplanter";217666;"Gunnera tinctoria";"(Molina) Mirb.";20
271;"Karplanter";101496;"Gypsophila elegans";"M.Bieb.";1
270;"Karplanter";101497;"Gypsophila muralis";"L.";1
269;"Karplanter";101498;"Gypsophila paniculata";"L.";5
2972;"Karplanter";129591;"Halerpestes cymbalaria";"(Pursh) Greene";15
262;"Karplanter";100381;"Hedera hibernica";"(G.Kirchn.) Carrière";30
261;"Karplanter";100601;"Helianthus ×laetiflorus";"Pers.";20
293;"Karplanter";100604;"Helianthus tuberosus";"L.";20
303;"Karplanter";99438;"Hemerocallis fulva";"(L.) L.";20
302;"Karplanter";99439;"Hemerocallis lilioasphodelus";"L.";20
5732;"Karplanter";217687;"Heracleum ’Kungsholm’";NA;15
300;"Karplanter";100327;"Heracleum mantegazzianum";"Sommier & Levier";15
299;"Karplanter";100328;"Heracleum persicum";"Desf. ex Fisch.";15
5733;"Karplanter";217688;"Heracleum platytaenium";"Boiss.";15
2219;"Karplanter";157753;"Heracleum pubescens";"auct. non (Hoffm.)";15
2411;"Karplanter";169119;"Heracleum sosnowskyi";"Manden.";15
1558;"Karplanter";101502;"Herniaria glabra";"L.";3
295;"Karplanter";101231;"Hesperis matronalis";"L.";10
292;"Karplanter";103636;"Heuchera sanguinea";"Engelm.";15
291;"Karplanter";102725;"Hibiscus trionum";"L.";1
1962;"Karplanter";100675;"Hieracium sabaudum agg.";NA;15
5739;"Karplanter";217694;"Hippocrepis emerus emeroides";"(Boiss. & Spruner) Greuter & Burdet ex Lassen";15
2640;"Karplanter";143659;"Hirschfeldia incana";"Lagr.-Foss.";1
290;"Karplanter";103326;"Holodiscus discolor";"(Pursh) Maxim.";15
285;"Karplanter";100076;"Hordeum jubatum";"L.";3
1951;"Karplanter";99399;"Hosta lancifolia";NA;15
2205;"Karplanter";99400;"Hosta sieboldiana";NA;15
331;"Karplanter";99401;"Hosta ventricosa";"Stearn";15
1553;"Karplanter";128738;"Hottonia palustris";"L.";15
5742;"Karplanter";145564;"Humulus scandens";"(Lour.) Merr.";30
326;"Karplanter";99442;"Hyacinthoides hispanica";"(Mill.) Rothm.";20
325;"Karplanter";99443;"Hyacinthoides italica";"(L.) Rothm.";20
324;"Karplanter";99444;"Hyacinthoides non-scripta";"(L.) Chouard ex Rothm.";20
2232;"Karplanter";170206;"Hyacinthoides x massartiana";NA;20
1947;"Karplanter";145566;"Hyacinthus orientalis";"L.";15
1945;"Karplanter";145568;"Hydrangea arborescens";"L.";25
322;"Karplanter";127952;"Hydrangea petiolaris";NA;25
5747;"Karplanter";169243;"Hydrilla verticillata";"(L. f.) Royle";15
5750;"Karplanter";169120;"Hydrocotyle ranunculoides";"L. f.";10
320;"Karplanter";103581;"Hylotelephium anacampseros";"(L.) H.Ohba";15
5752;"Karplanter";217702;"Hylotelephium cauticola";"(Praeger) H.Ohba";15
330;"Karplanter";103582;"Hylotelephium ewersii";"(Ledeb.) H.Ohba";15
5753;"Karplanter";217967;"Hylotelephium pluricaule";"(Maxim.) H.Ohba";15
319;"Karplanter";127953;"Hylotelephium ruprechtii";"(Jalas) Tzvelev";15
5754;"Karplanter";217969;"Hylotelephium sieboldii";"(Regel) H.Ohba";15
316;"Karplanter";103584;"Hylotelephium spectabile";"(Boreau) H.Ohba";15
315;"Karplanter";103585;"Hylotelephium telephium";"(L.) H.Ohba";15
310;"Karplanter";100707;"Hypochaeris glabra";"L.";1
309;"Karplanter";101239;"Iberis amara";"L.";1
308;"Karplanter";101241;"Iberis sempervirens";"L.";5
318;"Karplanter";101242;"Iberis umbellata";"L.";1
1759;"Karplanter";129585;"Ilex ×meserveae";NA;30
5763;"Karplanter";217711;"Impatiens balfourii";"Hook. f.";1
5764;"Karplanter";157853;"Impatiens capensis";"Meerb.";1
355;"Karplanter";101761;"Impatiens glandulifera";"Royle";1
354;"Karplanter";101763;"Impatiens parviflora";"DC.";1
353;"Karplanter";100711;"Inula britannica";"L.";15
350;"Karplanter";100714;"Inula helenium";"L.";20
343;"Karplanter";99474;"Iris ×germanica";"L.";15
1943;"Karplanter";143490;"Iris aphylla";"L.";15
1942;"Karplanter";143491;"Iris delavayi";"Micheli";15
1941;"Karplanter";145570;"Iris latifolia";"(Mill.) Voss";15
1940;"Karplanter";145571;"Iris reticulata";"M.Bieb.";15
1950;"Karplanter";145572;"Iris sanguinea";"Donn ex Hornem.";15
340;"Karplanter";99477;"Iris sibirica";"L.";15
1964;"Karplanter";145573;"Iris variegata";"L.";15
883;"Karplanter";145701;"Jacobaea alpina";"(L.) Moench";15
1172;"Karplanter";145703;"Jacobaea erucifolia";"(L.) P.Gaertn., B.Mey. & Scherb.";5
1158;"Karplanter";145705;"Jacobaea subalpina";"(W.D.J.Koch) Pelser & Veldkamp";15
2313;"Karplanter";170403;"Juglans cinerea";"L.";50
5784;"Karplanter";172566;"Juglans nigra";"L.";50
336;"Karplanter";102161;"Juglans regia";"L.";50
1965;"Karplanter";99822;"Juncus compressus";"Jacq.";15
335;"Karplanter";99825;"Juncus ensifolius";"Wikstr.";15
307;"Karplanter";99836;"Juncus tenuis";"Willd.";15
408;"Karplanter";103784;"Juniperus chinensis";"L.";20
380;"Karplanter";128909;"Kalmia angustifolia";"L.";20
374;"Karplanter";101709;"Kolkwitzia amabilis";"Graebn.";20
373;"Karplanter";101940;"Laburnum ×watereri";"(Wettst.) Dippel";30
372;"Karplanter";101938;"Laburnum alpinum";"(Mill.) J.Presl";30
371;"Karplanter";101939;"Laburnum anagyroides";"Medik.";40
370;"Karplanter";100720;"Lactuca serriola";"L.";1
5801;"Karplanter";169245;"Lagarosiphon major";"(Ridl.) Moss";1
365;"Karplanter";102304;"Lamiastrum galeobdolon argentatum";"(Smejkal) Stace";15
364;"Karplanter";102305;"Lamiastrum galeobdolon galeobdolon";NA;15
363;"Karplanter";102311;"Lamium amplexicaule orientale";NA;1
362;"Karplanter";102314;"Lamium maculatum";"(L.) L.";15
361;"Karplanter";103031;"Lamprocapnos spectabilis";"(L.) Fukuhara";20
5803;"Karplanter";217741;"Lapsana communis intermedia";"(M.Bieb.) Hayek";3
745;"Karplanter";103804;"Larix ×marschlinsii";"Coaz";50
2620;"Karplanter";103802;"Larix decidua";"Mill.";50
744;"Karplanter";103803;"Larix kaempferi";"(Lamb.) Carrière";50
2619;"Karplanter";103805;"Larix sibirica";"Ledeb.";50
405;"Karplanter";101951;"Lathyrus latifolius";"L.";15
400;"Karplanter";101963;"Lathyrus tuberosus";"L.";15
398;"Karplanter";102317;"Lavandula angustifolia";"Mill.";10
1984;"Karplanter";99317;"Lemna gibba";"L.";1
1983;"Karplanter";99318;"Lemna japonica";"Landolt";1
5808;"Karplanter";204863;"Lemna minuta";"Kunth";1
1982;"Karplanter";99321;"Lemna turionifera";"Landolt";1
391;"Karplanter";100725;"Leontodon saxatilis";"Lam.";1
2390;"Karplanter";170164;"Leontopodium nivale alpinum";"(Cass.) Greuter";15
1981;"Karplanter";102319;"Leonurus cardiaca";"L.";10
390;"Karplanter";143497;"Leonurus quinquelobatus";"Gilib.";10
387;"Karplanter";101247;"Lepidium campestre";"(L.) R.Br.";2
2891;"Karplanter";145707;"Lepidium coronopus";"(L.) Al-Shehbaz";2
385;"Karplanter";101249;"Lepidium densiflorum";"Schrad.";1
2892;"Karplanter";145708;"Lepidium didymum";"L.";2
358;"Karplanter";101250;"Lepidium draba";"L.";15
459;"Karplanter";101251;"Lepidium heterophyllum";"Benth.";10
433;"Karplanter";101252;"Lepidium latifolium";"L.";15
431;"Karplanter";101253;"Lepidium neglectum";"Thell.";1
427;"Karplanter";101256;"Lepidium ruderale";"L.";1
425;"Karplanter";101258;"Lepidium virginicum";"L.";1
541;"Karplanter";100727;"Lepidotheca suaveolens";"(Pursh) Nutt.";1
5809;"Karplanter";217746;"Lespedeza cuneata";"(Dum.Cours.) G.Don";15
434;"Karplanter";100730;"Leucanthemum ×superbum";"(Bergmans ex J.W.Ingram) D.H.Kent";10
1980;"Karplanter";100729;"Leucanthemum maximum";"(Ramond) DC.";10
2355;"Karplanter";145576;"Leucojum aestivum";"L.";15
446;"Karplanter";99426;"Leucojum vernum";"L.";15
5810;"Karplanter";217347;"Leuzea repens";"(L.) D.J.N.Hind";20
435;"Karplanter";100337;"Levisticum officinale";"W.D.J.Koch";20
456;"Karplanter";100735;"Ligularia dentata";"(A.Gray) Hara";20
455;"Karplanter";100736;"Ligularia przewalskii";"(Maxim.) Diels";20
1605;"Karplanter";128742;"Ligularia sibirica";"(L.) Cass.";20
454;"Karplanter";100737;"Ligularia stenocephala";"(Maxim.) Matsum. & Koidz.";20
2331;"Karplanter";170492;"Ligustrum lucidum";"W.T.Aiton";30
453;"Karplanter";102411;"Ligustrum ovalifolium";"Hassk.";30
5817;"Karplanter";217753;"Ligustrum sinense";"Lour.";30
452;"Karplanter";99583;"Lilium ×hollandicum";"Bergmans";15
451;"Karplanter";99582;"Lilium bulbiferum";"L.";15
1349;"Karplanter";128743;"Lilium candidum";"L.";15
450;"Karplanter";99584;"Lilium lancifolium";"Thunb.";15
449;"Karplanter";99585;"Lilium martagon";"L.";20
1347;"Karplanter";128745;"Linaria pinifolia";"(Poir.) Munz";3
409;"Karplanter";102518;"Linaria purpurea";"(L.) Mill.";5
510;"Karplanter";102519;"Linaria repens";"(L.) Mill.";5
5823;"Karplanter";217760;"Lindernia dubia";"(L.) Pennell";1
5824;"Karplanter";102783;"Linum austriacum";"L.";10
1591;"Karplanter";102787;"Linum perenne";"L.";10
2809;"Karplanter";145712;"Lipandra polysperma";"(L.) S.Fuentes, Uotila & Borsch";1
477;"Karplanter";101260;"Lobularia maritima";"(L.) Desv.";10
475;"Karplanter";100090;"Lolium multiflorum";"Lam.";2
474;"Karplanter";100091;"Lolium perenne";"L.";5
473;"Karplanter";100092;"Lolium remotum";"Schrank";1
472;"Karplanter";100094;"Lolium temulentum";"L.";1
1988;"Karplanter";127959;"Lonicera acuminata";NA;20
469;"Karplanter";101711;"Lonicera alpigena";"L.";20
2526;"Karplanter";101712;"Lonicera caerulea";"L.";20
468;"Karplanter";101713;"Lonicera caprifolium";"L.";20
1975;"Karplanter";169090;"Lonicera fragrantissima";"Lindl. & J.Paxton";20
467;"Karplanter";101714;"Lonicera involucrata";"(Richardson) Banks ex Spreng.";20
466;"Karplanter";127960;"Lonicera japonica";"Thunb.";20
465;"Karplanter";101715;"Lonicera korolkowii";"Stapf";20
464;"Karplanter";127961;"Lonicera ligustrina";"Wall.";20
2157;"Karplanter";170014;"Lonicera ligustrina pileata";"(Oliv.) Franch.";20
2158;"Karplanter";127962;"Lonicera ligustrina yunnanensis";NA;20
5834;"Karplanter";217767;"Lonicera maackii";"(Rupr.) Maxim.";20
1757;"Karplanter";128747;"Lonicera morrowii";"A.Gray";20
463;"Karplanter";101716;"Lonicera nigra";"L.";20
462;"Karplanter";127963;"Lonicera sempervirens";"L.";20
461;"Karplanter";101718;"Lonicera tatarica";"L.";20
486;"Karplanter";101973;"Lotus glaber";"Mill.";5
508;"Karplanter";101974;"Lotus pedunculatus";"Cav.";5
1646;"Karplanter";143500;"Lotus sativus";"(Hyl.) Büscher & G.H.Loos";3
507;"Karplanter";101975;"Lotus subbiflorus";"Lag.";1
5836;"Karplanter";170128;"Ludwigia grandiflora";"(Michx.) Greuter & Burdet";3
5837;"Karplanter";170129;"Ludwigia peploides";"(Kunth) P.H.Raven";3
506;"Karplanter";101262;"Lunaria annua";"L.";1
504;"Karplanter";101983;"Lupinus ×regalis";"Bergmans";5
502;"Karplanter";101978;"Lupinus arboreus";"Sims";5
500;"Karplanter";101979;"Lupinus luteus";"L.";1
499;"Karplanter";101980;"Lupinus nootkatensis";"Donn ex Sims";10
509;"Karplanter";101981;"Lupinus perennis";"L.";10
458;"Karplanter";101982;"Lupinus polyphyllus";"Lindl.";10
498;"Karplanter";99846;"Luzula forsteri";"(Sm.) DC.";15
496;"Karplanter";99847;"Luzula luzuloides";"(Lam.) Dandy & Wilmott";15
495;"Karplanter";99852;"Luzula nivea";"(L.) DC.";15
561;"Karplanter";101512;"Lychnis chalcedonica";"L.";10
535;"Karplanter";101513;"Lychnis coronaria";"(L.) Desr.";10
533;"Karplanter";103723;"Lycium barbarum";"L.";20
532;"Karplanter";103724;"Lycium chinense";"Mill.";20
530;"Karplanter";99323;"Lysichiton americanus";"Hultén & H.St.John";20
1705;"Karplanter";120044;"Lysichiton camtschatcensis";"(L.) Schott";20
529;"Karplanter";101841;"Lysimachia ciliata";"L.";20
528;"Karplanter";101843;"Lysimachia nummularia";"L.";20
527;"Karplanter";101844;"Lysimachia punctata";"L.";20
524;"Karplanter";102819;"Lythrum virgatum";"L.";20
5843;"Karplanter";169957;"Macleaya cordata";"(Willd.) R.Br.";20
523;"Karplanter";103003;"Mahonia aquifolium";"(Pursh) Nutt.";30
521;"Karplanter";99555;"Maianthemum racemosum";"(L.) Link";20
520;"Karplanter";99556;"Maianthemum stellatum";"(L.) Link";20
493;"Karplanter";103329;"Malus ×domestica";NA;35
2391;"Karplanter";170478;"Malus ×purpurea";"(E.Barbier) Rehder";35
1607;"Karplanter";128851;"Malus asiatica";"Nakai";35
494;"Karplanter";103328;"Malus baccata";"(L.) Borkh.";35
2201;"Karplanter";170032;"Malus dasyphylla";"Borkh.";35
492;"Karplanter";103330;"Malus floribunda";"Siebold ex Van Houtte";35
2200;"Karplanter";143506;"Malus prunifolia";"(Willd.) Borkh.";35
488;"Karplanter";103332;"Malus sargentii";"Rehder";35
487;"Karplanter";127965;"Malus sieboldii";"(Regel) Rehder";35
1970;"Karplanter";143507;"Malus toringo";"(Siebold) Siebold ex de Vriese";35
515;"Karplanter";102732;"Malva alcea";"L.";5
513;"Karplanter";102734;"Malva moschata";"L.";5
1969;"Karplanter";102737;"Malva pusilla";"Sm.";1
1968;"Karplanter";102740;"Malva sylvestris sylvestris";NA;2
548;"Karplanter";102741;"Malva verticillata";"L.";1
557;"Karplanter";100747;"Matricaria chamomilla";"L.";1
1341;"Karplanter";128754;"Mauranthemum paludosum";"(Poir.) Vogt & Oberpr.";1
550;"Karplanter";143508;"Medicago ×varia";"Martyn";5
560;"Karplanter";143509;"Medicago falcata";"L.";5
547;"Karplanter";101989;"Medicago sativa";"L.";3
543;"Karplanter";102438;"Melampyrum nemorosum";"L.";1
542;"Karplanter";100096;"Melica altissima";"L.";15
540;"Karplanter";100097;"Melica ciliata";"L.";15
539;"Karplanter";101997;"Melilotus albus";"Medik.";1
538;"Karplanter";101998;"Melilotus altissimus";"Thuill.";2
584;"Karplanter";102002;"Melilotus officinalis";"(L.) Lam.";1
578;"Karplanter";158423;"Mentha ×gentilis";"L.";10
577;"Karplanter";102334;"Mentha ×piperita";"L.";10
576;"Karplanter";102336;"Mentha ×rotundifolia";"(L.) Huds.";10
575;"Karplanter";102337;"Mentha ×smithiana";"R.A.Graham";10
1626;"Karplanter";128852;"Mentha ×villosa";"Huds.";10
2393;"Karplanter";170507;"Mentha ×villosonervata";NA;10
574;"Karplanter";102333;"Mentha longifolia";"(L.) L.";10
571;"Karplanter";102338;"Mentha spicata";"L.";10
570;"Karplanter";102339;"Mentha suaveolens";"Ehrh.";10
568;"Karplanter";102777;"Mercurialis annua";"L.";1
5870;"Karplanter";217798;"Microbiota decussata";"Kom.";30
564;"Karplanter";102481;"Mimulus guttatus";NA;3
563;"Karplanter";102482;"Mimulus luteus";NA;3
5876;"Karplanter";217806;"Miscanthus sacchariflorus";"(Maxim.) Benth. & Hook. f. ex Franch.";20
5877;"Karplanter";217807;"Miscanthus sinensis";"Andersson";20
605;"Karplanter";100750;"Mulgedium tataricum";"(L.) DC.";20
604;"Karplanter";99446;"Muscari armeniacum";"Leichtlin ex Baker";10
603;"Karplanter";99447;"Muscari botryoides";"(L.) Mill.";10
1966;"Karplanter";152311;"Muscari latifolium";"J.Kirk";10
611;"Karplanter";101020;"Myosotis alpestris";"F.W.Schmidt";10
600;"Karplanter";101031;"Myosotis sparsiflora";"J.G.Mikan ex Pohl";2
598;"Karplanter";101033;"Myosotis sylvatica";"Hoffm.";10
5887;"Karplanter";169123;"Myriophyllum aquaticum";"(Vell.) Verdc.";7
5888;"Karplanter";169247;"Myriophyllum heterophyllum";"Michx.";7
597;"Karplanter";100343;"Myrrhis odorata";"(L.) Scop.";15
596;"Karplanter";99428;"Narcissus poëticus";"L.";15
595;"Karplanter";99429;"Narcissus pseudonarcissus";"L.";15
2206;"Karplanter";214805;"Narcissus pseudonarcissus major";"(Curtis) Baker";15
2150;"Karplanter";170594;"Narcissus x cyclazetta";"Chater & Stace";15
2040;"Karplanter";145591;"Narcissus x incomparabilis";NA;15
5898;"Karplanter";217819;"Nassella neesiana";"(Trin. & Rupr.) Barkworth";15
5899;"Karplanter";217820;"Nassella trichotoma";"(Nees) Hack. & Arechav.";15
594;"Karplanter";101274;"Nasturtium officinale";"R.Br.";1
1406;"Karplanter";102342;"Nepeta cataria";"L.";5
663;"Karplanter";102346;"Nepeta racemosa";"Lam.";5
3011;"Karplanter";170595;"Nepeta sibirica";"L.";10
635;"Karplanter";103729;"Nicandra physalodes";"(L.) Gaertn.";1
629;"Karplanter";101278;"Noccaea caerulescens";NA;10
627;"Karplanter";101037;"Nonea versicolor";"(Steven) Sweet";1
2320;"Karplanter";170397;"Nothofagus antarctica";"(G.Forst.) Oerst.";35
626;"Karplanter";100971;"Nymphoides peltata";"(S.S.Gmel.) Kuntze";10
1612;"Karplanter";145717;"Odontites vernus";"(Bellardi) Dumort.";1
650;"Karplanter";143513;"Odontites vulgaris";"Moench";1
2059;"Karplanter";102853;"Oenothera ammophila";"Focke";2
661;"Karplanter";102854;"Oenothera biennis";"L.";2
659;"Karplanter";102856;"Oenothera canovirens";"Steele";2
658;"Karplanter";102857;"Oenothera casimiri";"Rostánski";2
657;"Karplanter";102858;"Oenothera depressa";"Greene";2
656;"Karplanter";102859;"Oenothera fallax";"Renner";2
655;"Karplanter";102860;"Oenothera glazioviana";"Micheli";2
5909;"Karplanter";217827;"Oenothera macrocarpa";"Nutt.";2
649;"Karplanter";128907;"Oenothera muricata";"L.";2
662;"Karplanter";102865;"Oenothera perangusta";"R.R.Gates";2
642;"Karplanter";101040;"Omphalodes verna";"Moench";10
613;"Karplanter";102011;"Ononis spinosa spinosa";NA;10
1337;"Karplanter";143665;"Origanum vulgare prismaticum";"Gaudin";5
5919;"Karplanter";158793;"Ornithogalum divergens";"Boreau";10
685;"Karplanter";99451;"Ornithogalum nutans";"L.";10
688;"Karplanter";143514;"Ornithogalum umbellatum";"L.";10
684;"Karplanter";102013;"Ornithopus compressus";"L.";1
681;"Karplanter";102016;"Ornithopus sativus";"Brot.";1
678;"Karplanter";127978;"Orobanche elatior";"Sutton";15
687;"Karplanter";102449;"Orobanche hederae";"Duby";15
676;"Karplanter";102450;"Orobanche lucorum";"A.Braun";15
2162;"Karplanter";170048;"Othocallis mischtschenkoana";"(Grossh.) Speta";15
673;"Karplanter";99453;"Othocallis siberica";"(Haw.) Speta";15
2356;"Karplanter";169113;"Oxalis adenophylla";"Gillies ex Hook. & Arn.";10
671;"Karplanter";102882;"Oxalis corniculata";"L.";1
670;"Karplanter";102883;"Oxalis dillenii";"Jacq.";1
667;"Karplanter";102885;"Oxalis stricta";"L.";1
130;"Karplanter";145721;"Oxybasis glauca salina";"(Standl.) Mosyakin";1
2807;"Karplanter";145722;"Oxybasis rubra";"(L.) S.Fuentes, Uotila & Borsch";1
666;"Karplanter";127980;"Pachysandra terminalis";"Siebold & Zucc.";20
2359;"Karplanter";170193;"Paeonia ×suffruticosa";"Andrews";20
690;"Karplanter";100107;"Panicum capillare";"L.";1
1336;"Karplanter";128760;"Papaver alpinum";"L.";10
709;"Karplanter";103052;"Papaver atlanticum";NA;10
708;"Karplanter";103053;"Papaver bracteatum";NA;15
555;"Karplanter";143516;"Papaver cambricum";"L.";15
707;"Karplanter";103054;"Papaver croceum";"Ledeb.";10
706;"Karplanter";103059;"Papaver dubium dubium";NA;1
713;"Karplanter";103067;"Papaver rhoeas";"L.";1
703;"Karplanter";170597;"Papaver setiferum";"Goldblatt";15
700;"Karplanter";100760;"Parasenecio hastatus";"(L.) H.Koyama";20
2869;"Karplanter";103535;"Parietaria judaica";"L.";5
2868;"Karplanter";103536;"Parietaria pensylvanica";"Muhl. ex Willd.";1
697;"Karplanter";103770;"Parthenocissus inserta";"(A.Kern.) Fritsch.";35
696;"Karplanter";103771;"Parthenocissus quinquefolia";"(L.) Planch.";35
695;"Karplanter";103772;"Parthenocissus tricuspidata";"(Siebold & Zucc.) Planch.";35
1703;"Karplanter";100348;"Pastinaca sativa hortensis";"Gaudin";2
1647;"Karplanter";100349;"Pastinaca sativa sativa";NA;2
5937;"Karplanter";217848;"Paulownia tomentosa";"(Thunb.) Steud.";35
739;"Karplanter";101042;"Pentaglottis sempervirens";"(L.) Tausch ex L.H.Bailey";15
5940;"Karplanter";169121;"Persicaria perfoliata";"(L.) H.Gross";1
736;"Karplanter";102934;"Persicaria wallichii";NA;15
735;"Karplanter";100764;"Petasites hybridus";"(L.) P.Gaertn., B.Mey. & Scherb.";20
734;"Karplanter";100766;"Petasites japonicus giganteus";"(F.Schmidt ex Trautv.) Kitam.";25
733;"Karplanter";100351;"Petroselinum crispum";"(Mill.) Fuss";2
727;"Karplanter";101047;"Phacelia tanacetifolia";"Benth.";1
2009;"Karplanter";143577;"Phalaris arundinacea picta";"L.";15
763;"Karplanter";103587;"Phedimus aizoon";"(L.) 't Hart";20
2008;"Karplanter";143519;"Phedimus crenatus";"(Desf.) V.V.Byalt";20
2007;"Karplanter";143520;"Phedimus ellacombeanus";"(Praeger) 't Hart";20
41;"Karplanter";103588;"Phedimus hybridus";"(L.) 't Hart";20
762;"Karplanter";103589;"Phedimus kamtschaticus";NA;20
5942;"Karplanter";217853;"Phedimus selskianus";"(Regel & Maack) 't Hart";20
2903;"Karplanter";103590;"Phedimus spurius";"(M.Bieb.) 't Hart";20
761;"Karplanter";103591;"Phedimus stoloniferus";"(S.G.Gmel.) t' Hart";20
759;"Karplanter";127985;"Phellodendron amurense";"Rupr.";50
757;"Karplanter";101677;"Philadelphus coronarius";"L.";25
1334;"Karplanter";128761;"Philadelphus lewisii";"Pursh";25
2006;"Karplanter";101678;"Philadelphus pubescens";"Loisel.";25
756;"Karplanter";100126;"Phleum arenarium";"L.";1
755;"Karplanter";100130;"Phleum pratense pratense";NA;15
764;"Karplanter";101860;"Phlox paniculata";"L.";15
753;"Karplanter";101861;"Phlox subulata";"L.";10
814;"Karplanter";103739;"Physalis alkekengi";"L.";10
806;"Karplanter";103335;"Physocarpus opulifolius";"(L.) Maxim.";20
2000;"Karplanter";143522;"Physostegia virginiana";"(L.) Benth.";10
815;"Karplanter";100962;"Phyteuma nigrum";"F.W.Schmidt";10
802;"Karplanter";100965;"Phyteuma spicatum caeruleum";"Rich.Schulz";10
1333;"Karplanter";128764;"Phytolacca acinosa";"Roxb.";5
5956;"Karplanter";217868;"Phytolacca americana";"L.";5
743;"Karplanter";103812;"Picea ×lutzii";"Little";50
742;"Karplanter";103810;"Picea engelmannii";"Parry ex Engelm.";50
715;"Karplanter";103811;"Picea glauca";"(Moench) Voss";50
1999;"Karplanter";145603;"Picea mariana";"(Mill.) Britton, Sterns & Poggenb.";50
1332;"Karplanter";128765;"Picea omorika";"(Pancic) Purk.";50
2412;"Karplanter";145604;"Picea orientalis";NA;50
790;"Karplanter";103813;"Picea pungens";"Engelm.";50
2618;"Karplanter";103814;"Picea sitchensis";"(Bong.) Carrière";50
799;"Karplanter";100770;"Picris hieracioides villarsii";"(Jord.) Nyman";3
5958;"Karplanter";159202;"Pieris floribunda";"(Pursh) Benth. & Hook. f.";20
798;"Karplanter";127991;"Pieris japonica";"(Thunb.) D.Don ex G.Don";20
1998;"Karplanter";143596;"Pilosella aurantiaca aurantiaca";NA;15
1997;"Karplanter";143525;"Pilosella caespitosa";NA;15
1996;"Karplanter";143526;"Pilosella colliniformis";"(Peter) Dostál";15
5959;"Karplanter";217870;"Pilosella cymosiformis";"(Froel.) Gottschl.";15
5960;"Karplanter";217871;"Pilosella flagellaris";"(Willd.) Arv.-Touv.";15
1995;"Karplanter";143602;"Pilosella piloselloides bauhinii";NA;15
1994;"Karplanter";143603;"Pilosella piloselloides praealta";NA;15
796;"Karplanter";100357;"Pimpinella major";"(L.) Huds.";7
1993;"Karplanter";128770;"Pinus banksiana";"Lamb.";50
1330;"Karplanter";103816;"Pinus cembra";"L.";50
2617;"Karplanter";103817;"Pinus contorta";"Douglas ex Loudon";50
2616;"Karplanter";103818;"Pinus mugo";"Turra";40
1518;"Karplanter";103821;"Pinus nigra";"J.F.Arnold";50
788;"Karplanter";103822;"Pinus peuce";"Griseb.";50
5969;"Karplanter";159229;"Pinus pumila";"(Pall.) Regel";40
787;"Karplanter";103823;"Pinus sibirica";"Du Tour";50
215;"Karplanter";103824;"Pinus strobus";"L.";50
2625;"Karplanter";145754;"Pinus uncinata";"Ramond ex DC.";50
841;"Karplanter";102531;"Plantago coronopus";"L.";1
2360;"Karplanter";145613;"Plantago virginica";"L.";3
837;"Karplanter";100150;"Poa chaixii";"Vill.";10
1105;"Karplanter";100168;"Poa supina";"Schrad.";10
1329;"Karplanter";128772;"Polemonium reptans";"L.";10
2001;"Karplanter";102942;"Polygonum aviculare rurivagum";NA;1
835;"Karplanter";100171;"Polypogon monspeliensis";"(L.) Desf.";1
5983;"Karplanter";217888;"Pontederia cordata";"L.";15
834;"Karplanter";102635;"Populus ×berolinensis";"K.Koch";35
833;"Karplanter";102636;"Populus ×canadensis";"Moench";35
832;"Karplanter";102637;"Populus ×canescens";"(Aiton) Sm.";35
831;"Karplanter";102633;"Populus alba";"L.";35
830;"Karplanter";102634;"Populus balsamifera";"L.";35
2015;"Karplanter";163820;"Populus balsamifera elongata";NA;35
2027;"Karplanter";167511;"Populus balsamifera gileadensis";NA;35
2016;"Karplanter";165066;"Populus balsamifera hortensis";NA;35
2415;"Karplanter";159579;"Populus deltoides";"W.Bartram ex Marshall";35
840;"Karplanter";102638;"Populus laurifolia";"Ledeb.";35
827;"Karplanter";102639;"Populus nigra";"L.";35
826;"Karplanter";102640;"Populus simonii";"Carrière";35
786;"Karplanter";102643;"Populus trichocarpa";"Torr. & A.Gray ex Hook.";35
2037;"Karplanter";145617;"Populus tristis";NA;35
861;"Karplanter";101646;"Portulaca oleracea oleracea";NA;1
6020;"Karplanter";164757;"Potamogeton perfoliatus richardsonii";"(A.Benn.) Hultén";15
858;"Karplanter";103338;"Potentilla anglica";"Laichard.";10
856;"Karplanter";103344;"Potentilla atrosanguinea";"G.Lodd. ex D.Don";10
866;"Karplanter";103349;"Potentilla inclinata";"Vill.";10
853;"Karplanter";103352;"Potentilla intermedia";"L.";3
850;"Karplanter";103357;"Potentilla norvegica hirsuta";"(Michx.) Hyl.";2
849;"Karplanter";103360;"Potentilla recta";"L.";10
848;"Karplanter";103361;"Potentilla reptans";"L.";20
845;"Karplanter";103366;"Potentilla thuringiaca";"Bernh. ex Link";10
2033;"Karplanter";145618;"Potentilla wimanniana";"Günther & Schummel";10
844;"Karplanter";100772;"Prenanthes purpurea";"L.";15
817;"Karplanter";101871;"Primula auricula";"L.";10
918;"Karplanter";127992;"Primula denticulata";"Sm.";10
891;"Karplanter";101873;"Primula elatior elatior";NA;15
2030;"Karplanter";101874;"Primula elatior pallasii";"(Lehm.) W.W.Sm. & Forrest";15
889;"Karplanter";101876;"Primula juliae";"Kusn.";10
2029;"Karplanter";145619;"Prunella grandiflora";"(L.) Turra";10
1378;"Karplanter";103369;"Prunus cerasifera";"Ehrh.";30
1479;"Karplanter";103370;"Prunus cerasus";"L.";30
2408;"Karplanter";103372;"Prunus domestica domestica";NA;30
1453;"Karplanter";103373;"Prunus domestica insititia";"(L.) Bonnier & Layens";30
1380;"Karplanter";127993;"Prunus laurocerasus";"L.";30
2315;"Karplanter";170402;"Prunus maackii";"Rupr.";30
1389;"Karplanter";103374;"Prunus mahaleb";"L.";30
6051;"Karplanter";217315;"Prunus nipponica";"Matsum.";30
6052;"Karplanter";159850;"Prunus pensylvanica";"L. f.";30
6053;"Karplanter";217908;"Prunus pumila depressa";"(Pursh) Bean";20
6054;"Karplanter";217909;"Prunus sargentii";"Rehder";20
1403;"Karplanter";103379;"Prunus serotina";"Ehrh.";30
6057;"Karplanter";217912;"Prunus tenella";"Batsch";20
6058;"Karplanter";145621;"Prunus triloba";"Lindl.";20
1415;"Karplanter";103381;"Prunus virginiana";"L.";30
2704;"Karplanter";145757;"Psephellus dealbatus";"(Willd.) K.Koch";15
887;"Karplanter";103034;"Pseudofumaria lutea";"(L.) Borkh.";10
111;"Karplanter";103829;"Pseudotsuga menziesii";"(Mirb.) Franco";50
2316;"Karplanter";145624;"Pterocarya rhoifolia";"Siebold & Zucc.";50
6066;"Karplanter";170134;"Pueraria montana lobata";"(Willd.) Maesen & S.M.Almeida ex Sanjappa & Predeep";30
877;"Karplanter";101051;"Pulmonaria affinis";"Jord.";15
875;"Karplanter";127997;"Pulmonaria mollis";"Wulfen ex Hornem.";15
874;"Karplanter";101053;"Pulmonaria officinalis";"L.";15
873;"Karplanter";101054;"Pulmonaria rubra";"Schott";15
871;"Karplanter";101055;"Pulmonaria saccharata";"Mill.";15
870;"Karplanter";103135;"Pulsatilla vulgaris";"Mill.";15
869;"Karplanter";99455;"Puschkinia scilloides";NA;10
879;"Karplanter";127999;"Pyracantha coccinea";"M.Roem.";20
1451;"Karplanter";103383;"Pyrus ×communis";NA;50
6068;"Karplanter";217921;"Pyrus pyraster";"(L.) Burgsd.";50
1709;"Karplanter";128858;"Quercus cerris";"L.";50
893;"Karplanter";102158;"Quercus rubra";"L.";50
911;"Karplanter";103137;"Ranunculus aconitifolius";"L.";15
910;"Karplanter";103140;"Ranunculus acris friesianus";"(Jord.) Syme";15
907;"Karplanter";103155;"Ranunculus lanuginosus";"L.";15
917;"Karplanter";103166;"Ranunculus psilostachys";"Griseb.";15
901;"Karplanter";101281;"Raphanus raphanistrum landra";"(Moretti ex DC.) Bonnier & Layens";1
898;"Karplanter";101287;"Rapistrum rugosum";"(L.) All.";1
868;"Karplanter";101330;"Reseda lutea";"L.";5
969;"Karplanter";101331;"Reseda luteola";"L.";2
140;"Karplanter";129593;"Reynoutria ×bohemica";"Chrtek & Chrtková";20
150;"Karplanter";129594;"Reynoutria japonica";"Houtt.";20
149;"Karplanter";129595;"Reynoutria sachalinensis";"(F.Schmidt) Nakai";20
6071;"Karplanter";217924;"Rhaponticum repens";"(L.) Hidalgo";15
941;"Karplanter";160780;"Rheum rhabarbarum";"L.";20
1338;"Karplanter";102951;"Rheum rhaponticum";"L.";20
2028;"Karplanter";169104;"Rhinanthus alectorolophus";NA;1
937;"Karplanter";101819;"Rhododendron brachycarpum";"D.Don ex G.Don";25
936;"Karplanter";101820;"Rhododendron catawbiense";"Michx.";25
6073;"Karplanter";217926;"Rhododendron luteum";"Sweet";25
2414;"Karplanter";170629;"Rhododendron ponticum baeticum";"(Boiss. & Reut.) Hand.-Mazz.";25
934;"Karplanter";101822;"Rhododendron sutchuenense";"Franch.";25
932;"Karplanter";103550;"Rhus typhina";"L.";25
6077;"Karplanter";217928;"Ribes ×nidigrolaria";"Rud.Bauer & A.Bauer";20
926;"Karplanter";103613;"Ribes ×pallidum";"Otto & A.Dietr.";20
924;"Karplanter";160831;"Ribes aureum";"Pursh";20
925;"Karplanter";103610;"Ribes divaricatum";"Douglas";20
6078;"Karplanter";160823;"Ribes glandulosum";"Grauer";20
2026;"Karplanter";145629;"Ribes nevadaënse";"Kellogg";20
2025;"Karplanter";145630;"Ribes petraeum";"Wulfen";20
923;"Karplanter";103614;"Ribes rubrum";"L.";20
922;"Karplanter";103615;"Ribes sanguineum";"Pursh";20
921;"Karplanter";103620;"Ribes uva-crispa";"L.";20
930;"Karplanter";131417;"Robinia pseudoacacia";"L.";30
2211;"Karplanter";170017;"Robinia viscosa";NA;30
2210;"Karplanter";170037;"Rodgersia aesculifolia";"Batalin";15
944;"Karplanter";103644;"Rodgersia podophylla";"A.Gray";15
967;"Karplanter";101293;"Rorippa ×armoracioides";"(Tausch) Fuss";5
966;"Karplanter";101292;"Rorippa amphibia";"(L.) Besser";5
965;"Karplanter";101294;"Rorippa austriaca";"(Crantz) Besser";5
964;"Karplanter";101297;"Rorippa palustris hispida";"(Desv.) Jonsell";2
2021;"Karplanter";128787;"Rosa ×spaethiana";"Graebn.";20
963;"Karplanter";128001;"Rosa acicularis";"Lindl.";20
6084;"Karplanter";217934;"Rosa bracteata";"J.C.Wendl.";20
1353;"Karplanter";128777;"Rosa carolina";"L.";20
962;"Karplanter";128002;"Rosa davurica";"Pall.";20
960;"Karplanter";103391;"Rosa glauca";"Pourr.";20
959;"Karplanter";119957;"Rosa 'Hollandica'";NA;20
958;"Karplanter";103397;"Rosa moyesii";"Hemsl. & E.H.Wilson";20
957;"Karplanter";103398;"Rosa multiflora";"Thunb.";25
1710;"Karplanter";128860;"Rosa nitida";"Willd.";20
955;"Karplanter";103399;"Rosa pendulina";"L.";20
552;"Karplanter";103403;"Rosa rugosa";"Thunb.";25
6086;"Karplanter";103407;"Rosa villosa";"L.";20
2023;"Karplanter";145633;"Rosa virginiana";"Mill.";20
951;"Karplanter";103409;"Rubus allegheniensis";"Porter";25
950;"Karplanter";103411;"Rubus armeniacus";"Focke";25
949;"Karplanter";103412;"Rubus bifrons";"Vest";25
948;"Karplanter";128003;"Rubus dasyphyllus";"(W.M.Rogers) E.S.Marshall";25
947;"Karplanter";103417;"Rubus echinatus";"Lindl.";25
946;"Karplanter";103418;"Rubus euryanthemus";"W.C.R.Watson";25
2386;"Karplanter";170090;"Rubus fruticosus coll. 'Thornless Evergreen'";NA;25
1372;"Karplanter";128788;"Rubus glandulosus";"Bellardi";25
6090;"Karplanter";160995;"Rubus gratus";"Focke";25
919;"Karplanter";103426;"Rubus hartmanii";"Gand.";25
1847;"Karplanter";145634;"Rubus horridus";"Schultz";25
1020;"Karplanter";103428;"Rubus laciniatus";"(Weston) Willd.";25
994;"Karplanter";103430;"Rubus leptothyrsus";"G.Braun";25
1845;"Karplanter";169137;"Rubus loganobaccus";"L.H.Bailey";25
992;"Karplanter";103440;"Rubus odoratus";"L.";25
991;"Karplanter";103441;"Rubus parviflorus";NA;25
989;"Karplanter";103442;"Rubus pedemontanus";"Pinkw.";25
988;"Karplanter";103443;"Rubus phoenicolasius";"Maxim.";25
987;"Karplanter";103446;"Rubus pyramidalis";"Kaltenb.";25
986;"Karplanter";103449;"Rubus rudis";"Weihe ex Nees";25
985;"Karplanter";103451;"Rubus sciocharis";"(Sudre) W.C.R.Watson";25
983;"Karplanter";141637;"Rubus silvaticus";"Weihe & Nees";25
1846;"Karplanter";103454;"Rubus slesvicensis";"Lange";25
984;"Karplanter";103455;"Rubus spectabilis";"Pursh";25
993;"Karplanter";103460;"Rubus tuberculatus";NA;25
980;"Karplanter";100781;"Rudbeckia laciniata";"L.";15
978;"Karplanter";102967;"Rumex confertus";"Willd.";15
2928;"Karplanter";102968;"Rumex conglomeratus";"Murray";15
216;"Karplanter";102984;"Rumex patientia patientia";NA;10
977;"Karplanter";102985;"Rumex pseudoalpinus";NA;15
976;"Karplanter";102987;"Rumex rugosus";"Campd.";15
774;"Karplanter";101532;"Sagina micropetala";"Rauschert";1
999;"Karplanter";102651;"Salix ×alopecuroides";"Tausch";20
998;"Karplanter";102658;"Salix ×calodendron";"Wimm.";20
997;"Karplanter";102666;"Salix ×dasyclados";"Wimm.";20
1884;"Karplanter";102667;"Salix ×ehrhartiana";"G.Mey.";30
1043;"Karplanter";129589;"Salix ×fragilis";NA;30
1371;"Karplanter";128789;"Salix ×holosericea";"Willd.";20
970;"Karplanter";102682;"Salix ×meyeriana";"Rostk. ex Willd.";30
1071;"Karplanter";102683;"Salix ×mollissima";"Hoffm. ex Elwert";20
1045;"Karplanter";102691;"Salix ×pendulina";"Wender";30
2018;"Karplanter";152313;"Salix ×pentandroides";"Rouy";30
1042;"Karplanter";102703;"Salix ×rubra";"Huds.";20
1041;"Karplanter";143557;"Salix ×salamonii";"(Carrière) Carrière";30
1039;"Karplanter";102705;"Salix ×smithiana";"Willd.";30
971;"Karplanter";128904;"Salix acutifolia";"Willd.";30
973;"Karplanter";128004;"Salix alaxensis";"(Andersson) Coville";30
1841;"Karplanter";102647;"Salix alba alba";NA;30
1842;"Karplanter";102648;"Salix alba chermesina";NA;30
1843;"Karplanter";102649;"Salix alba sericea";NA;30
1844;"Karplanter";102650;"Salix alba vitellina";NA;30
1859;"Karplanter";161220;"Salix atrocinerea";"Brot.";20
1858;"Karplanter";161198;"Salix babylonica";"L.";30
972;"Karplanter";102653;"Salix 'Brekkavier'";NA;20
2304;"Karplanter";102665;"Salix daphnoides daphnoides";NA;30
2302;"Karplanter";170204;"Salix daphnoides pomeranica";"(Link) Koch";30
1003;"Karplanter";128903;"Salix euxina";"I.V.Belyaeva";30
2155;"Karplanter";170060;"Salix euxina 'Bullata'";NA;30
2020;"Karplanter";145635;"Salix lasiandra";"Benth.";20
1130;"Karplanter";102695;"Salix purpurea";"L.";20
2019;"Karplanter";145636;"Salix schwerinii";"E.L.Wolf";20
1446;"Karplanter";102709;"Salix viminalis";"L.";20
1839;"Karplanter";170637;"Salix x laurina";"Sm.";20
1037;"Karplanter";102355;"Salvia nemorosa";"L.";10
1036;"Karplanter";102356;"Salvia officinalis";"L.";15
1035;"Karplanter";102357;"Salvia pratensis";"L.";10
1044;"Karplanter";102359;"Salvia verticillata";"L.";10
1857;"Karplanter";161327;"Sambucus ebulus";"L.";20
6113;"Karplanter";170844;"Sambucus kamtschatica";"E.L.Wolf";30
1031;"Karplanter";101702;"Sambucus nigra";"L.";30
1370;"Karplanter";128790;"Sambucus pubens";"Michx.";30
1070;"Karplanter";101703;"Sambucus racemosa";NA;30
1029;"Karplanter";103467;"Sanguisorba canadensis canadensis";NA;10
1028;"Karplanter";103468;"Sanguisorba canadensis latifolia";"(Hook.) Calder & R.L.Taylor";10
1369;"Karplanter";128791;"Sanguisorba menziesii";NA;10
2354;"Karplanter";103470;"Sanguisorba minor";"Scop.";10
1027;"Karplanter";103471;"Sanguisorba minor balearica";"(Bourg. ex Nyman) Muños Garm. & C.Navarro";10
1026;"Karplanter";103472;"Sanguisorba minor minor";NA;10
1856;"Karplanter";161334;"Sanguisorba obtusa";"Maxim.";10
1025;"Karplanter";101544;"Saponaria ocymoides";"L.";10
954;"Karplanter";101545;"Saponaria officinalis";"L.";15
6116;"Karplanter";161339;"Sarracenia purpurea";"L.";10
6117;"Karplanter";217953;"Sasa palmata";"(Burb.) E.G.Camus";30
2214;"Karplanter";170089;"Sasa quelpaertensis";"Nakai";30
6118;"Karplanter";217954;"Saururus cernuus";"L.";10
1024;"Karplanter";103648;"Saxifraga ×arendsii";"hort.";15
928;"Karplanter";103654;"Saxifraga ×geum";"L.";15
1022;"Karplanter";103679;"Saxifraga ×urbium";"D.A.Webb";15
1046;"Karplanter";103659;"Saxifraga hostii";"Tausch";20
1822;"Karplanter";103673;"Saxifraga rosacea";"Moench";15
1047;"Karplanter";103674;"Saxifraga rotundifolia";"L.";15
929;"Karplanter";103678;"Saxifraga umbrosa";"L.";15
6122;"Karplanter";161458;"Scabiosa atropurpurea";"L.";10
767;"Karplanter";100193;"Schedonorus pratensis";"(Huds.) P.Beauv.";10
2125;"Karplanter";99457;"Scilla bifolia";"L.";10
904;"Karplanter";99458;"Scilla forbesii";"(Baker) Speta";10
912;"Karplanter";99459;"Scilla luciliae";"(Boiss.) Speta";10
914;"Karplanter";99460;"Scilla sardensis";"(Whittall ex Barr & Sayden) Speta";10
1069;"Karplanter";101548;"Scleranthus annuus annuus";NA;1
785;"Karplanter";103747;"Scopolia carniolica";"Jacq.";10
1167;"Karplanter";102584;"Scrophularia chrysantha";"Jaub. & Spach";15
1068;"Karplanter";102364;"Scutellaria altissima";"L.";15
1065;"Karplanter";102034;"Securigera varia";"(L.) Lassen";10
1855;"Karplanter";152310;"Sedum dasyphyllum";"L.";10
916;"Karplanter";103599;"Sedum forsterianum";"Sm.";15
894;"Karplanter";103600;"Sedum hispanicum";"L.";2
1063;"Karplanter";128011;"Sedum lydium";"Boiss.";10
6130;"Karplanter";217966;"Sedum oreganum";"Nutt.";10
6131;"Karplanter";217968;"Sedum sarmentosum";"Bunge";10
905;"Karplanter";103602;"Sedum sexangulare";"L.";15
6132;"Karplanter";217970;"Sedum spathulifolium";"Hook.";10
2017;"Karplanter";103605;"Sempervivum arachnoideum";"L.";15
6134;"Karplanter";161606;"Sempervivum globiferum";"L.";15
881;"Karplanter";103606;"Sempervivum tectorum";"L.";15
885;"Karplanter";100796;"Senecio inaequidens";"DC.";5
1157;"Karplanter";143611;"Senecio leucanthemifolius vernalis";"(Waldst. & Kit.) Greuter";1
1161;"Karplanter";143560;"Senecio nemorensis";"L.";15
884;"Karplanter";100799;"Senecio ovatus";"(P.Gaertn., B.Mey. & Scherb.) Willd.";15
862;"Karplanter";100800;"Senecio pseudoarnica";"Less.";15
864;"Karplanter";100801;"Senecio squalidus";"L.";10
825;"Karplanter";100805;"Senecio viscosus";"L.";1
1854;"Karplanter";167469;"Senecio vulgaris hibernicus";"Syme";1
6139;"Karplanter";217976;"Sesleria autumnalis";"(Scop.) F.W.Schultz";15
782;"Karplanter";100204;"Setaria viridis";"(L.) P.Beauv.";1
6140;"Karplanter";161699;"Sibbaldia tridentata";"(Aiton) Paule & Soják";15
1055;"Karplanter";103478;"Sibbaldianthe bifurca orientalis";"(Juz.) Kurtto & T.Erikss.";10
6141;"Karplanter";217977;"Sibiraea laevigata";"(L.) Maxim.";20
1160;"Karplanter";101555;"Silene csereii";"Baumg.";5
1171;"Karplanter";101558;"Silene gallica";"L.";1
1021;"Karplanter";100814;"Sinacalia tangutica";"(Maxim.) B.Nord.";15
1122;"Karplanter";170202;"Sinapis alba alba";NA;1
752;"Karplanter";101306;"Sisymbrium altissimum";"L.";1
537;"Karplanter";101309;"Sisymbrium loeselii";"L.";1
1260;"Karplanter";101312;"Sisymbrium orientale";"L.";1
1258;"Karplanter";101313;"Sisymbrium strictissimum";"L.";7
1256;"Karplanter";101315;"Sisymbrium volgense";"M.Bieb. ex E.Fourn.";7
6146;"Karplanter";217981;"Sisyrinchium californicum";"(Ker Gawl.) Dryand.";10
1096;"Karplanter";99479;"Sisyrinchium montanum";NA;10
6148;"Karplanter";100368;"Smyrnium perfoliatum";"L.";5
1255;"Karplanter";103749;"Solanum americanum";"Mill.";1
1326;"Karplanter";145758;"Solanum decipiens";"Opiz";1
807;"Karplanter";103759;"Solanum physalifolium";"Rusby";1
2367;"Karplanter";103765;"Solanum villosum";NA;1
1293;"Karplanter";103766;"Solanum villosum miniatum";NA;1
1292;"Karplanter";103767;"Solanum villosum villosum";NA;1
6156;"Karplanter";217990;"Soleirolia soleirolii";"(Req.) Dandy";10
214;"Karplanter";100816;"Solidago canadensis";"L.";20
1094;"Karplanter";100818;"Solidago gigantea serotina";"(Kuntze) McNeill";20
6158;"Karplanter";217991;"Solidago nemoralis";"Aiton";20
1849;"Karplanter";145645;"Solidago ptarmicoides";"(Torr. & A.Gray) B.Boivin";20
1092;"Karplanter";100819;"Solidago rugosa";"Mill.";20
1091;"Karplanter";128900;"Soliva sessilis";"Ruiz & Pav.";1
6159;"Karplanter";217992;"Sorbaria grandiflora";"(Sweet) Maxim.";20
6160;"Karplanter";217993;"Sorbaria kirilowii";"(Regel) Maxim.";20
441;"Karplanter";103480;"Sorbaria sorbifolia";"(L.) A.Braun";20
6161;"Karplanter";217999;"Sorbus ×arnoldiana";"Rehder";35
1382;"Karplanter";128793;"Sorbus austriaca";NA;35
6162;"Karplanter";217995;"Sorbus cashmiriana";"Hedl.";30
1381;"Karplanter";128794;"Sorbus commixta";"Hedl.";35
421;"Karplanter";103487;"Sorbus intermedia";NA;35
419;"Karplanter";103488;"Sorbus koehneana";"C.K.Schneid.";30
417;"Karplanter";103490;"Sorbus latifolia";NA;35
432;"Karplanter";103493;"Sorbus mougeotii";NA;30
6164;"Karplanter";217996;"Sorbus reducta";"Diels";30
6165;"Karplanter";217997;"Sorbus ulleungensis";"Chin S.Chang";30
6166;"Karplanter";217998;"Sorbus vilmorinii";"C.K.Schneid.";30
6170;"Karplanter";161892;"Spartina ×townsendii";"H.Groves & J.Groves";20
6172;"Karplanter";161896;"Spartina anglica";"C.E.Hubb.";20
6173;"Karplanter";218003;"Spartium junceum";"L.";15
422;"Karplanter";101584;"Spergularia rubra";"(L.) J.Presl & C.Presl";1
264;"Karplanter";103504;"Spiraea ×arguta";"Zabel";15
329;"Karplanter";103505;"Spiraea ×billardii";"Hérincq";25
222;"Karplanter";103508;"Spiraea ×cinerea";"Zabel";15
223;"Karplanter";103512;"Spiraea ×macrothyrsa";"Dippel";25
1367;"Karplanter";128796;"Spiraea ×pseudosalicifolia";"Silverside";25
193;"Karplanter";103514;"Spiraea ×rosalba";"Dippel";25
179;"Karplanter";103515;"Spiraea ×rubella";"Dippel";25
146;"Karplanter";103518;"Spiraea ×vanhouttei";"(Briot) Carrière";15
423;"Karplanter";103503;"Spiraea alba";"Du Roi";25
2091;"Karplanter";145647;"Spiraea betulifolia";"Pall.";15
424;"Karplanter";103507;"Spiraea chamaedryfolia";"L.";15
399;"Karplanter";103509;"Spiraea douglasii";"Hook.";25
379;"Karplanter";103510;"Spiraea japonica";"L.f.";15
382;"Karplanter";103511;"Spiraea latifolia";"(Sol.) Borkh.";25
1086;"Karplanter";103513;"Spiraea media";"Schmidt";15
2065;"Karplanter";145648;"Spiraea nipponica";"Maxim.";15
327;"Karplanter";103516;"Spiraea salicifolia";"L.";25
1085;"Karplanter";103517;"Spiraea tomentosa";"L.";25
1095;"Karplanter";128018;"Spiraea trilobata";"L.";15
6182;"Karplanter";218010;"Sporobolus neglectus";"Nash";15
6183;"Karplanter";218011;"Sporobolus vaginiflorus";"(Torr. ex A.Gray) Alph.Wood";15
2608;"Karplanter";102370;"Stachys arvensis";"(L.) L.";1
2607;"Karplanter";102371;"Stachys byzantina";"K.Koch";10
2605;"Karplanter";102374;"Stachys germanica";"L.";10
823;"Karplanter";103521;"Stephanandra incisa";NA;15
822;"Karplanter";99341;"Stratiotes aloides";"L.";10
2218;"Karplanter";170039;"Styrax americanus";"Lam.";20
147;"Karplanter";101670;"Swida alba";"(L.) Opiz";30
2346;"Karplanter";170394;"Swida alternifolia";"(L. f.) Small";30
107;"Karplanter";101672;"Swida sericea";"(L.) Holub";30
2063;"Karplanter";101723;"Symphoricarpos ×chenaultii";"Rehder";30
117;"Karplanter";101721;"Symphoricarpos albus";"(L.) S.F.Blake";30
122;"Karplanter";100838;"Symphyotrichum ×salignum";"(Willd.) G.L.Nesom";20
123;"Karplanter";100840;"Symphyotrichum ×versicolor";"(Willd.) G.L.Nesom";20
820;"Karplanter";100833;"Symphyotrichum cordifolium";"(L.) G.L.Nesom";20
819;"Karplanter";100834;"Symphyotrichum laeve";"(L.) Á.Löve & D.Löve";20
119;"Karplanter";100835;"Symphyotrichum lanceolatum";"(Willd.) G.L.Nesom";20
120;"Karplanter";100836;"Symphyotrichum novae-angliae";"(L.) G.L.Nesom";20
121;"Karplanter";100837;"Symphyotrichum novi-belgii";"(L.) G.L.Nesom";20
1366;"Karplanter";128797;"Symphyotrichum patulum";"(Lam.) Karlsson";20
127;"Karplanter";101060;"Symphytum ×uplandicum";"Nyman";15
124;"Karplanter";101057;"Symphytum asperum";"Lepech.";15
125;"Karplanter";101058;"Symphytum officinale";"L.";15
2387;"Karplanter";170167;"Symphytum tuberosum";"L.";15
153;"Karplanter";102415;"Syringa josikaea";"J.Jacq. ex Rchb. f.";25
1363;"Karplanter";128799;"Syringa komarowii";"C.K.Schneid.";25
2317;"Karplanter";170400;"Syringa reticulata";"(Blume) H.Hara";30
53;"Karplanter";102416;"Syringa vulgaris";"L.";35
54;"Karplanter";100845;"Tanacetum coccineum";"(Willd.) Grierson";10
1102;"Karplanter";100846;"Tanacetum corymbosum";"(L.) Sch.Bip.";15
1362;"Karplanter";128801;"Tanacetum macrophyllum";"(Waldst. & Kit.) Sch.Bip.";15
55;"Karplanter";100847;"Tanacetum parthenium";"(L.) Sch.Bip.";10
1786;"Karplanter";143567;"Taxus ×media";NA;30
6205;"Karplanter";162147;"Taxus cuspidata";"Siebold & Zucc.";30
74;"Karplanter";100891;"Telekia speciosa";"(Schreb.) Baumg.";20
58;"Karplanter";103681;"Tellima grandiflora";"(Pursh) Douglas ex Lindl.";10
415;"Karplanter";100894;"Tephroseris palustris";"(L.) Rchb.";2
73;"Karplanter";141639;"Thalictrum aquilegiifolium";"L.";15
1214;"Karplanter";103182;"Thalictrum delavayi";"Franch.";15
30;"Karplanter";103187;"Thalictrum minus minus";NA;15
1212;"Karplanter";103191;"Thalictrum speciosissimum";"L.";15
1208;"Karplanter";143569;"Thermopsis lupinoides";"(L.) Link";15
1207;"Karplanter";102042;"Thermopsis montana";"Torr. & A.Gray";15
105;"Karplanter";103789;"Thuja occidentalis";"L.";30
106;"Karplanter";103790;"Thuja plicata";"Donn ex D.Don";35
29;"Karplanter";102386;"Thymus praecox praecox";NA;25
1184;"Karplanter";103683;"Tiarella cordifolia";"L.";10
1183;"Karplanter";102751;"Tilia ×europaea";"L.";35
1825;"Karplanter";102752;"Tilia platyphyllos";"Scop.";35
1835;"Karplanter";102753;"Tilia platyphyllos cordifolia";"(Besser) C.K.Schneid.";35
6076;"Karplanter";218036;"Toxicodendron radicans";"(L.) Kuntze";25
6217;"Karplanter";162290;"Tragopogon porrifolius";"L.";2
6219;"Karplanter";162295;"Trapa natans";"L.";1
1144;"Karplanter";102057;"Trifolium incarnatum";"L.";1
1756;"Karplanter";129583;"Trifolium pannonicum";"Jacq.";10
28;"Karplanter";102068;"Trifolium spadiceum";"L.";2
1179;"Karplanter";143573;"Tripterygium wilfordii";"Hook. f.";20
3032;"Karplanter";100213;"Trisetum flavescens";"(L.) P.Beauv.";7
1814;"Karplanter";145655;"Trollius asiaticus";"L.";15
1361;"Karplanter";128803;"Tsuga canadensis";"(L.) Carrière";30
6226;"Karplanter";218044;"Tsuga diversifolia";"(Maxim.) Mast.";30
110;"Karplanter";103831;"Tsuga heterophylla";"(Raf.) Sarg.";50
2124;"Karplanter";162410;"Tsuga mertensiana";"(Bong.) Carrière";40
1222;"Karplanter";143574;"Tulipa gesneriana";"L.";10
2152;"Karplanter";170648;"Tulipa gesneriana 'Borøya'";NA;10
2153;"Karplanter";170649;"Tulipa gesneriana 'Helldal'";NA;10
2151;"Karplanter";170650;"Tulipa gesneriana 'The Pilot'";NA;10
3043;"Karplanter";99588;"Tulipa sylvestris";"L.";10
1221;"Karplanter";99589;"Tulipa tarda";"Stapf";10
2879;"Karplanter";102084;"Ulex europaeus";"L.";15
1219;"Karplanter";102085;"Ulex gallii";"Planch.";15
1218;"Karplanter";102086;"Ulex minor";"Roth";15
1815;"Karplanter";103530;"Ulmus ×hollandica";"Mill.";35
1217;"Karplanter";103531;"Ulmus laevis";"Pall.";35
1216;"Karplanter";103532;"Ulmus minor";"Mill.";35
6234;"Karplanter";218051;"Ulmus pumila";"L.";33
2305;"Karplanter";170444;"Vaccinium corymbosum";"L.";20
6237;"Karplanter";218053;"Vaccinium macrocarpon";"Aiton";15
2338;"Karplanter";170200;"Vancouveria hexandra";"(Hook.) C.Morren & Decne.";15
3020;"Karplanter";99594;"Veratrum album";NA;25
6241;"Karplanter";214451;"Veratrum nigrum";"L.";25
1279;"Karplanter";102591;"Verbascum blattaria";"L.";2
1278;"Karplanter";102592;"Verbascum chaixii";"Vill.";3
1277;"Karplanter";102593;"Verbascum densiflorum";"Bertol.";3
3019;"Karplanter";102594;"Verbascum lychnitis";"L.";2
1287;"Karplanter";102596;"Verbascum olympicum";"Boiss.";2
1313;"Karplanter";102598;"Verbascum phlomoides";"L.";2
1302;"Karplanter";102599;"Verbascum phoeniceum";"L.";3
1322;"Karplanter";102601;"Verbascum speciosum";"Schrad.";2
1321;"Karplanter";102603;"Verbascum virgatum";"Stokes";2
778;"Karplanter";102611;"Verbena officinalis";"L.";5
1196;"Karplanter";102549;"Veronica austriaca austriaca";NA;15
3017;"Karplanter";102551;"Veronica austriaca teucrium";NA;15
2656;"Karplanter";102556;"Veronica filiformis";"Sm.";5
2748;"Karplanter";102558;"Veronica gentianoides";"Vahl";10
2747;"Karplanter";102560;"Veronica hederifolia hederifolia";NA;1
2907;"Karplanter";102561;"Veronica hederifolia lucorum";NA;1
2332;"Karplanter";170491;"Veronica hederifolia triloba";NA;1
6245;"Karplanter";162533;"Veronica incana";"L.";15
1191;"Karplanter";102564;"Veronica opaca";"Fr.";1
1190;"Karplanter";102567;"Veronica peregrina peregrina";NA;1
2796;"Karplanter";102568;"Veronica persica";"Poir.";1
1188;"Karplanter";102569;"Veronica polita";"Fr.";1
784;"Karplanter";102578;"Veronicastrum virginicum";"(L.) Farw.";10
2244;"Karplanter";170034;"Viburnum carlesii";"Hemsl. ex F.B.Forbes & Hemsl.";20
6249;"Karplanter";218059;"Viburnum farreri";"Stearn";20
2985;"Karplanter";101705;"Viburnum lantana";"L.";25
1818;"Karplanter";128027;"Viburnum pubescens";"(Aiton) Pursh";20
6250;"Karplanter";218060;"Viburnum rhytidophyllum";"Hemsl.";25
6251;"Karplanter";218061;"Viburnum trilobum";"Marshall";20
1008;"Karplanter";102112;"Vicia sativa segetalis";"(Thuill.) Gaudin";1
1006;"Karplanter";102117;"Vicia tenuifolia";"Roth";5
1005;"Karplanter";102119;"Vicia villosa";"Roth";1
6254;"Karplanter";127431;"Vinca major";"L.";20
2955;"Karplanter";102167;"Vinca minor";"L.";20
2904;"Karplanter";102170;"Vincetoxicum rossicum";"(Kleopow) Barbar.";10
1686;"Karplanter";128866;"Viola ×williamsii";NA;3
751;"Karplanter";102813;"Viola ×wittrockiana";"Gams ex Kappert";3
6255;"Karplanter";162571;"Viola altaica";"Ker Gawl.";5
749;"Karplanter";102797;"Viola cornuta";"L.";3
748;"Karplanter";128028;"Viola lutea";"Huds.";2
2966;"Karplanter";102801;"Viola odorata";"L.";15
747;"Karplanter";102809;"Viola suavis";"M.Bieb.";15
2965;"Karplanter";100224;"Vulpia myuros";"(L.) C.C.Gmel.";1
746;"Karplanter";103523;"Waldsteinia geoides";"Willd.";20
2878;"Karplanter";103524;"Waldsteinia ternata";"(Stephan) Fritsch";20
3031;"Karplanter";101726;"Weigela florida";NA;25
6277;"Karplanter";218080;"Zostera japonica";"Asch. & Graebn.";10
